experiment_id,hypothesis_id,status,purpose,data_version,raw_manifest_sha256,annotation_version,split_manifest_sha256,quality_policy_version,input_schema_version,code_commit,git_dirty,environment_profile,environment_record,config_path,seeds,seed_controls_init,primary_metric,primary_metric_value,secondary_metrics,comparison,stopping_rule,result_location,limitations,decision
EXP-LEGACY-ablation-v2,AIHUB-H1,completed,Ablation V2 (multiscale),aihub_71802_released_subset (버전 태그 no_record),no_record,provider labels (annotations[0].tagging[0].state),no_record,not_applicable: legacy 파이프라인에 품질 정책 없음,SENSOR_CHANNELS 8ch + thermal 120x160 (버전 태그 없음),no_record,no_record,no_record,no_record,no_record,no_record,false (F03),val_macro_f1,0.9430082140031688,val_accuracy=0.9351771823681936; nm_errors=45; best_epoch=19; params=2837508; epochs=20,no_record,best val_macro_f1 checkpoint (early stopping 없음),results/ablation_v2,"val 4대(agv17,agv18,oht17,oht18) 를 모델 선택과 최종 보고에 재사용; git_dirty/environment 미기록으로 clean revision 증명 불가",연구노트 #16 및 claim_evidence.csv 참조
EXP-LEGACY-ablation-v3,AIHUB-H1,completed,Ablation V3,aihub_71802_released_subset (버전 태그 no_record),no_record,provider labels (annotations[0].tagging[0].state),no_record,not_applicable: legacy 파이프라인에 품질 정책 없음,SENSOR_CHANNELS 8ch + thermal 120x160 (버전 태그 없음),no_record,no_record,no_record,no_record,no_record,no_record,false (F03),val_macro_f1,0.9242499304498273,val_accuracy=0.916162489196197; nm_errors=59; best_epoch=26; params=4523907; epochs=30,no_record,best val_macro_f1 checkpoint (early stopping 없음),results/ablation_v3,"val 4대(agv17,agv18,oht17,oht18) 를 모델 선택과 최종 보고에 재사용; git_dirty/environment 미기록으로 clean revision 증명 불가",연구노트 #16 및 claim_evidence.csv 참조
EXP-LEGACY-ablation-v4,AIHUB-H1,completed,Ablation V4 (CATFT-CrossAttn),aihub_71802_released_subset (버전 태그 no_record),no_record,provider labels (annotations[0].tagging[0].state),no_record,not_applicable: legacy 파이프라인에 품질 정책 없음,SENSOR_CHANNELS 8ch + thermal 120x160 (버전 태그 없음),no_record,no_record,no_record,no_record,no_record,no_record,false (F03),val_macro_f1,0.9112076103517102,val_accuracy=0.9066551426101987; nm_errors=65; best_epoch=23; params=7632259; epochs=30,no_record,best val_macro_f1 checkpoint (early stopping 없음),results/ablation_v4,"val 4대(agv17,agv18,oht17,oht18) 를 모델 선택과 최종 보고에 재사용; git_dirty/environment 미기록으로 clean revision 증명 불가",연구노트 #16 및 claim_evidence.csv 참조
EXP-LEGACY-baseline-v1,AIHUB-H1,completed,V1 Multimodal LSTM baseline. 공급자 공식 아키텍처와 동일 파라미터 수,aihub_71802_released_subset (버전 태그 no_record),no_record,provider labels (annotations[0].tagging[0].state),no_record,not_applicable: legacy 파이프라인에 품질 정책 없음,SENSOR_CHANNELS 8ch + thermal 120x160 (버전 태그 없음),no_record,no_record,no_record,no_record,no_record,no_record,false (F03),val_macro_f1,0.9235374200332773,val_accuracy=0.9187554019014693; nm_errors=57; best_epoch=18; params=2833412; epochs=20,no_record,best val_macro_f1 checkpoint (early stopping 없음),results/baseline,"val 4대(agv17,agv18,oht17,oht18) 를 모델 선택과 최종 보고에 재사용; git_dirty/environment 미기록으로 clean revision 증명 불가",연구노트 #16 및 claim_evidence.csv 참조
EXP-LEGACY-catft-v5,AIHUB-H3,completed,CATFT V5 cross-attention 비교군,aihub_71802_released_subset (버전 태그 no_record),no_record,provider labels (annotations[0].tagging[0].state),no_record,not_applicable: legacy 파이프라인에 품질 정책 없음,SENSOR_CHANNELS 8ch + thermal 120x160 (버전 태그 없음),no_record,no_record,no_record,no_record,no_record,no_record,false (F03),val_macro_f1,0.9251576135474253,val_accuracy=0.9213483146067416; nm_errors=50; best_epoch=26; params=10791299; epochs=30,no_record,best val_macro_f1 checkpoint (early stopping 없음),results/catft,"val 4대(agv17,agv18,oht17,oht18) 를 모델 선택과 최종 보고에 재사용; git_dirty/environment 미기록으로 clean revision 증명 불가",연구노트 #16 및 claim_evidence.csv 참조
EXP-LEGACY-patchtst,AIHUB-H3,completed,PatchTST 비교,aihub_71802_released_subset (버전 태그 no_record),no_record,provider labels (annotations[0].tagging[0].state),no_record,not_applicable: legacy 파이프라인에 품질 정책 없음,SENSOR_CHANNELS 8ch + thermal 120x160 (버전 태그 없음),no_record,no_record,no_record,no_record,no_record,no_record,false (F03),val_macro_f1,0.9311118504374224,val_accuracy=0.9265341400172861; nm_errors=57; best_epoch=26; params=1355332; epochs=no_record,no_record,best val_macro_f1 checkpoint (early stopping 없음),results/external_baselines/PatchTST,"val 4대(agv17,agv18,oht17,oht18) 를 모델 선택과 최종 보고에 재사용; git_dirty/environment 미기록으로 clean revision 증명 불가",연구노트 #16 및 claim_evidence.csv 참조
EXP-LEGACY-timesnet-simplified,AIHUB-H3,completed,TimesNet 축약 구현 비교. 주기식 결함 있음 (연구노트 #16 §3.5),aihub_71802_released_subset (버전 태그 no_record),no_record,provider labels (annotations[0].tagging[0].state),no_record,not_applicable: legacy 파이프라인에 품질 정책 없음,SENSOR_CHANNELS 8ch + thermal 120x160 (버전 태그 없음),no_record,no_record,no_record,no_record,no_record,no_record,false (F03),val_macro_f1,0.9189474760900598,val_accuracy=0.9101123595505618; nm_errors=68; best_epoch=22; params=1548676; epochs=no_record,no_record,best val_macro_f1 checkpoint (early stopping 없음),results/external_baselines/TimesNet,"val 4대(agv17,agv18,oht17,oht18) 를 모델 선택과 최종 보고에 재사용; git_dirty/environment 미기록으로 clean revision 증명 불가",연구노트 #16 및 claim_evidence.csv 참조
EXP-LEGACY-lag-1-10-20,AIHUB-H1,completed,lag 조합 1/10/20,aihub_71802_released_subset (버전 태그 no_record),no_record,provider labels (annotations[0].tagging[0].state),no_record,not_applicable: legacy 파이프라인에 품질 정책 없음,SENSOR_CHANNELS 8ch + thermal 120x160 (버전 태그 없음),no_record,no_record,no_record,no_record,no_record,42,false (F03),val_macro_f1,0.9519835732415738,val_accuracy=0.9455488331892826; nm_errors=31; best_epoch=26; params=2849940; epochs=no_record,no_record,best val_macro_f1 checkpoint (early stopping 없음),results/paper_experiments/lag_1_10_20,"val 4대(agv17,agv18,oht17,oht18) 를 모델 선택과 최종 보고에 재사용; git_dirty/environment 미기록으로 clean revision 증명 불가",연구노트 #16 및 claim_evidence.csv 참조
EXP-LEGACY-lag-1-3-7,AIHUB-H1,completed,lag 조합 1/3/7,aihub_71802_released_subset (버전 태그 no_record),no_record,provider labels (annotations[0].tagging[0].state),no_record,not_applicable: legacy 파이프라인에 품질 정책 없음,SENSOR_CHANNELS 8ch + thermal 120x160 (버전 태그 없음),no_record,no_record,no_record,no_record,no_record,42,false (F03),val_macro_f1,0.9497981409599012,val_accuracy=0.9429559204840103; nm_errors=35; best_epoch=26; params=2849940; epochs=no_record,no_record,best val_macro_f1 checkpoint (early stopping 없음),results/paper_experiments/lag_1_3_7,"val 4대(agv17,agv18,oht17,oht18) 를 모델 선택과 최종 보고에 재사용; git_dirty/environment 미기록으로 clean revision 증명 불가",연구노트 #16 및 claim_evidence.csv 참조
EXP-LEGACY-v2a-multiscale-only,AIHUB-H1,completed,단독 요소: multi-scale 차분만,aihub_71802_released_subset (버전 태그 no_record),no_record,provider labels (annotations[0].tagging[0].state),no_record,not_applicable: legacy 파이프라인에 품질 정책 없음,SENSOR_CHANNELS 8ch + thermal 120x160 (버전 태그 없음),no_record,no_record,no_record,no_record,no_record,42,false (F03),val_macro_f1,0.9432110778825149,val_accuracy=0.9343128781331028; nm_errors=45; best_epoch=19; params=2845700; epochs=no_record,no_record,best val_macro_f1 checkpoint (early stopping 없음),results/paper_experiments/v2a_multiscale_only,"val 4대(agv17,agv18,oht17,oht18) 를 모델 선택과 최종 보고에 재사용; git_dirty/environment 미기록으로 clean revision 증명 불가",연구노트 #16 및 claim_evidence.csv 참조
EXP-LEGACY-v2b-se-only,AIHUB-H1,completed,단독 요소: SE channel attention만,aihub_71802_released_subset (버전 태그 no_record),no_record,provider labels (annotations[0].tagging[0].state),no_record,not_applicable: legacy 파이프라인에 품질 정책 없음,SENSOR_CHANNELS 8ch + thermal 120x160 (버전 태그 없음),no_record,no_record,no_record,no_record,no_record,42,false (F03),val_macro_f1,0.9319207537711824,val_accuracy=0.9265341400172861; nm_errors=53; best_epoch=16; params=2841748; epochs=no_record,no_record,best val_macro_f1 checkpoint (early stopping 없음),results/paper_experiments/v2b_se_only,"val 4대(agv17,agv18,oht17,oht18) 를 모델 선택과 최종 보고에 재사용; git_dirty/environment 미기록으로 clean revision 증명 불가",연구노트 #16 및 claim_evidence.csv 참조
EXP-LEGACY-v2c-supcon-only,AIHUB-H2,completed,단독 요소: SupCon만,aihub_71802_released_subset (버전 태그 no_record),no_record,provider labels (annotations[0].tagging[0].state),no_record,not_applicable: legacy 파이프라인에 품질 정책 없음,SENSOR_CHANNELS 8ch + thermal 120x160 (버전 태그 없음),no_record,no_record,no_record,no_record,no_record,42,false (F03),val_macro_f1,0.9421735313958322,val_accuracy=0.9351771823681936; nm_errors=46; best_epoch=20; params=2837508; epochs=no_record,no_record,best val_macro_f1 checkpoint (early stopping 없음),results/paper_experiments/v2c_supcon_only,"val 4대(agv17,agv18,oht17,oht18) 를 모델 선택과 최종 보고에 재사용; git_dirty/environment 미기록으로 clean revision 증명 불가",연구노트 #16 및 claim_evidence.csv 참조
EXP-LEGACY-v2plus-seed123,AIHUB-H1,completed,V2+ 반복 실행 (seed 라벨 123),aihub_71802_released_subset (버전 태그 no_record),no_record,provider labels (annotations[0].tagging[0].state),no_record,not_applicable: legacy 파이프라인에 품질 정책 없음,SENSOR_CHANNELS 8ch + thermal 120x160 (버전 태그 없음),no_record,no_record,no_record,no_record,no_record,123,false (F03),val_macro_f1,0.9560236615145479,val_accuracy=0.9498703543647364; nm_errors=29; best_epoch=30; params=2849940; epochs=no_record,no_record,best val_macro_f1 checkpoint (early stopping 없음),results/paper_experiments/v2plus_seed123,"val 4대(agv17,agv18,oht17,oht18) 를 모델 선택과 최종 보고에 재사용; git_dirty/environment 미기록으로 clean revision 증명 불가",연구노트 #16 및 claim_evidence.csv 참조
EXP-LEGACY-v2plus-seed456,AIHUB-H1,completed,V2+ 반복 실행 (seed 라벨 456),aihub_71802_released_subset (버전 태그 no_record),no_record,provider labels (annotations[0].tagging[0].state),no_record,not_applicable: legacy 파이프라인에 품질 정책 없음,SENSOR_CHANNELS 8ch + thermal 120x160 (버전 태그 없음),no_record,no_record,no_record,no_record,no_record,456,false (F03),val_macro_f1,0.9559545607334976,val_accuracy=0.9490060501296457; nm_errors=33; best_epoch=30; params=2849940; epochs=no_record,no_record,best val_macro_f1 checkpoint (early stopping 없음),results/paper_experiments/v2plus_seed456,"val 4대(agv17,agv18,oht17,oht18) 를 모델 선택과 최종 보고에 재사용; git_dirty/environment 미기록으로 clean revision 증명 불가",연구노트 #16 및 claim_evidence.csv 참조
EXP-LEGACY-v2plus-sensor-only,AIHUB-H1,completed,열화상 제외 sensor-only,aihub_71802_released_subset (버전 태그 no_record),no_record,provider labels (annotations[0].tagging[0].state),no_record,not_applicable: legacy 파이프라인에 품질 정책 없음,SENSOR_CHANNELS 8ch + thermal 120x160 (버전 태그 없음),no_record,no_record,no_record,no_record,no_record,42,false (F03),val_macro_f1,0.9513425618046605,val_accuracy=0.9446845289541919; nm_errors=32; best_epoch=30; params=368404; epochs=no_record,no_record,best val_macro_f1 checkpoint (early stopping 없음),results/paper_experiments/v2plus_sensor_only,"val 4대(agv17,agv18,oht17,oht18) 를 모델 선택과 최종 보고에 재사용; git_dirty/environment 미기록으로 clean revision 증명 불가",연구노트 #16 및 claim_evidence.csv 참조
EXP-LEGACY-v2plus-seed42,AIHUB-H1,completed,"V2+ 본 모델 (논문 주 결과, seed 라벨 42)",aihub_71802_released_subset (버전 태그 no_record),no_record,provider labels (annotations[0].tagging[0].state),no_record,not_applicable: legacy 파이프라인에 품질 정책 없음,SENSOR_CHANNELS 8ch + thermal 120x160 (버전 태그 없음),no_record,no_record,no_record,no_record,no_record,no_record,false (F03),val_macro_f1,0.9549999150132651,val_accuracy=0.9515989628349178; nm_errors=24; best_epoch=27; params=2849940; epochs=30,no_record,best val_macro_f1 checkpoint (early stopping 없음),results/v2plus,"val 4대(agv17,agv18,oht17,oht18) 를 모델 선택과 최종 보고에 재사용; git_dirty/environment 미기록으로 clean revision 증명 불가",연구노트 #16 및 claim_evidence.csv 참조
EXP-20260907-001,AIHUB-H3,blocked,F04 주기식 수정(T//top_indices) 적용 후 TimesNet 축약변형 재평가,,,,,,,,,,,,42,true (수정안 적용 후),val_macro_f1,,,수정 전 TimesNet 0.9189 (results/external_baselines/TimesNet),기존 실행과 동일 epoch·동일 split,,"축약 변형이며 공식 TimesNet 과의 비교가 아니다 (EXP-20260907-004 참조); blocked_by=B-1,B-3",
EXP-20260907-002/seed42,AIHUB-H1,completed,F03/F04/F14a 수정 후 V2+ 3-seed 재실행 (G2e). 재현 가능한 초기 가중치 확보. 2026-09-18 12:16:56~12:57:43 KST 서버 완료 (연구노트,,,,,,,be1634290df2ab8d193b02451e1cbc433e7d2d7f,False,SERVER-TRAINING,keti-Precision-7920-Tower py3.12.13 torch2.6.0+cu124 cuda12.4 Quadro RTX 6000,"/home/keti/projects/factory_safety/src/train_v2plus.py --epochs 30 --lr 1e-3 --batch-size 16 --hidden-dim 128 --num-layers 3 --lags 1,5,10 --supcon-weight 0.3 --temperature 0.07 --seed 42 --gpu 0 --results-dir results/v2plus_g2e_seed42",42,True,val_macro_f1,0.9548251323378276,val_accuracy=0.9490060501296457; nm_errors=29; best_epoch=24; init_sha256=58f43109f4e5bc92; started=2026-09-18T03:16:56.784507+00:00; finished=2026-09-18T03:37:15.219264+00:00,"기존 0.955000 / 0.9560237 / 0.9559546 (동일 seed 라벨, 초기화는 미통제였음). 분석 compare_g2e.py",기존과 동일 30 epoch,results/v2plus_g2e_seed42,초기 가중치가 달라지므로 값 일치가 아니라 분포 비교만 가능. n=3,"완료. F1 0.954825 / 0.952084 / 0.956400 (mean 0.954436, std 0.001783) vs legacy mean 0.955659 (std 0.000467). 초기 가중치 sha256 이 seed 별로 기록돼 재현 가능. 논문 수치는 이 결과로 대체하지 않는다 (D-020)"
EXP-20260907-002/seed123,AIHUB-H1,completed,F03/F04/F14a 수정 후 V2+ 3-seed 재실행 (G2e). 재현 가능한 초기 가중치 확보. 2026-09-18 12:16:56~12:57:43 KST 서버 완료 (연구노트,,,,,,,be1634290df2ab8d193b02451e1cbc433e7d2d7f,False,SERVER-TRAINING,keti-Precision-7920-Tower py3.12.13 torch2.6.0+cu124 cuda12.4 Quadro RTX 6000,"/home/keti/projects/factory_safety/src/train_v2plus.py --epochs 30 --lr 1e-3 --batch-size 16 --hidden-dim 128 --num-layers 3 --lags 1,5,10 --supcon-weight 0.3 --temperature 0.07 --seed 123 --gpu 1 --results-dir results/v2plus_g2e_seed123",123,True,val_macro_f1,0.9520839991695031,val_accuracy=0.9446845289541919; nm_errors=35; best_epoch=29; init_sha256=d1d818434d15bcd8; started=2026-09-18T03:16:56.777898+00:00; finished=2026-09-18T03:35:46.869236+00:00,"기존 0.955000 / 0.9560237 / 0.9559546 (동일 seed 라벨, 초기화는 미통제였음). 분석 compare_g2e.py",기존과 동일 30 epoch,results/v2plus_g2e_seed123,초기 가중치가 달라지므로 값 일치가 아니라 분포 비교만 가능. n=3,"완료. F1 0.954825 / 0.952084 / 0.956400 (mean 0.954436, std 0.001783) vs legacy mean 0.955659 (std 0.000467). 초기 가중치 sha256 이 seed 별로 기록돼 재현 가능. 논문 수치는 이 결과로 대체하지 않는다 (D-020)"
EXP-20260907-002/seed456,AIHUB-H1,completed,F03/F04/F14a 수정 후 V2+ 3-seed 재실행 (G2e). 재현 가능한 초기 가중치 확보. 2026-09-18 12:16:56~12:57:43 KST 서버 완료 (연구노트,,,,,,,be1634290df2ab8d193b02451e1cbc433e7d2d7f,False,SERVER-TRAINING,keti-Precision-7920-Tower py3.12.13 torch2.6.0+cu124 cuda12.4 Quadro RTX 6000,"/home/keti/projects/factory_safety/src/train_v2plus.py --epochs 30 --lr 1e-3 --batch-size 16 --hidden-dim 128 --num-layers 3 --lags 1,5,10 --supcon-weight 0.3 --temperature 0.07 --seed 456 --gpu 0 --results-dir results/v2plus_g2e_seed456",456,True,val_macro_f1,0.9563998952400918,val_accuracy=0.9498703543647364; nm_errors=31; best_epoch=26; init_sha256=b9b1fb9f5d1915c8; started=2026-09-18T03:37:22.046288+00:00; finished=2026-09-18T03:57:43.742049+00:00,"기존 0.955000 / 0.9560237 / 0.9559546 (동일 seed 라벨, 초기화는 미통제였음). 분석 compare_g2e.py",기존과 동일 30 epoch,results/v2plus_g2e_seed456,초기 가중치가 달라지므로 값 일치가 아니라 분포 비교만 가능. n=3,"완료. F1 0.954825 / 0.952084 / 0.956400 (mean 0.954436, std 0.001783) vs legacy mean 0.955659 (std 0.000467). 초기 가중치 sha256 이 seed 별로 기록돼 재현 가능. 논문 수치는 이 결과로 대체하지 않는다 (D-020)"
EXP-20260907-003/ms0_se0_sc0/seed42,AIHUB-H1,completed,2^3 ablation(multiscale x SE x SupCon) 동일 예산·동일 scheduler 규칙·3 seed. interaction 추정. 2026-09-18 16:49~21:07 KST 서버 완료 (연구노트,,,,,,,4fac5bc09c2ef73341bc94c10ffd6d57dc19ec43,False,SERVER-TRAINING,keti-Precision-7920-Tower py3.12.13 torch2.6.0+cu124 cuda12.4 Quadro RTX 6000,/home/keti/projects/factory_safety/src/train_factorial_ablation.py --multiscale 0 --se 0 --supcon 0 --seed 42 --gpu 0,42,True,val_macro_f1,0.940855903137817,val_accuracy=0.9351771823681936; nm_errors=43; best_epoch=23; init_sha256=8d77aede9e755a9c; started=2026-09-18T07:49:07.228011+00:00; finished=2026-09-18T08:38:08.899220+00:00,팩토리얼 내부 contrast (legacy Table 8 과는 classifier dropout 통일 때문에 직접 비교 불가). 분석 compare_exp003.py,"전 조건 30 epoch, AdamW 1e-3, ReduceLROnPlateau(0.5, 3), best val F1 checkpoint, early stopping 없음. lr 시계열 기록",results/factorial_ablation/ms0_se0_sc0_seed42,"n=3 seed, validation 장비 4대. LR 감소 시점은 run 마다 다르다(동일 scheduler 규칙이지 동일 schedule 이 아니다). 학습 비결정성 ±0.001 수준(EXP-20260918-002)이라 SE 주효과·3-way 는 잡음과 같은 크기다","완료. multiscale +0.011558 ± 0.000799, SupCon +0.004170 ± 0.000637, SE +0.000128 ± 0.001137, interaction 합 +0.003920 (V2→V2+ +0.016924 의 23 %). ""단독 무효·결합 시너지"" 해석 철회 대상 (D-021). 본문 교체는 O-111"
EXP-20260907-003/ms0_se0_sc1/seed42,AIHUB-H1,completed,2^3 ablation(multiscale x SE x SupCon) 동일 예산·동일 scheduler 규칙·3 seed. interaction 추정. 2026-09-18 16:49~21:07 KST 서버 완료 (연구노트,,,,,,,4fac5bc09c2ef73341bc94c10ffd6d57dc19ec43,False,SERVER-TRAINING,keti-Precision-7920-Tower py3.12.13 torch2.6.0+cu124 cuda12.4 Quadro RTX 6000,/home/keti/projects/factory_safety/src/train_factorial_ablation.py --multiscale 0 --se 0 --supcon 1 --seed 42 --gpu 0,42,True,val_macro_f1,0.9452681491424297,val_accuracy=0.9386343993085566; nm_errors=42; best_epoch=30; init_sha256=8d77aede9e755a9c; started=2026-09-18T07:50:09.615974+00:00; finished=2026-09-18T08:42:43.212699+00:00,팩토리얼 내부 contrast (legacy Table 8 과는 classifier dropout 통일 때문에 직접 비교 불가). 분석 compare_exp003.py,"전 조건 30 epoch, AdamW 1e-3, ReduceLROnPlateau(0.5, 3), best val F1 checkpoint, early stopping 없음. lr 시계열 기록",results/factorial_ablation/ms0_se0_sc1_seed42,"n=3 seed, validation 장비 4대. LR 감소 시점은 run 마다 다르다(동일 scheduler 규칙이지 동일 schedule 이 아니다). 학습 비결정성 ±0.001 수준(EXP-20260918-002)이라 SE 주효과·3-way 는 잡음과 같은 크기다","완료. multiscale +0.011558 ± 0.000799, SupCon +0.004170 ± 0.000637, SE +0.000128 ± 0.001137, interaction 합 +0.003920 (V2→V2+ +0.016924 의 23 %). ""단독 무효·결합 시너지"" 해석 철회 대상 (D-021). 본문 교체는 O-111"
EXP-20260907-003/ms0_se1_sc0/seed42,AIHUB-H1,completed,2^3 ablation(multiscale x SE x SupCon) 동일 예산·동일 scheduler 규칙·3 seed. interaction 추정. 2026-09-18 16:49~21:07 KST 서버 완료 (연구노트,,,,,,,4fac5bc09c2ef73341bc94c10ffd6d57dc19ec43,False,SERVER-TRAINING,keti-Precision-7920-Tower py3.12.13 torch2.6.0+cu124 cuda12.4 Quadro RTX 6000,/home/keti/projects/factory_safety/src/train_factorial_ablation.py --multiscale 0 --se 1 --supcon 0 --seed 42 --gpu 1,42,True,val_macro_f1,0.9392392022201692,val_accuracy=0.9299913569576491; nm_errors=52; best_epoch=28; init_sha256=689a1f994add10eb; started=2026-09-18T07:55:50.069412+00:00; finished=2026-09-18T08:31:27.539745+00:00,팩토리얼 내부 contrast (legacy Table 8 과는 classifier dropout 통일 때문에 직접 비교 불가). 분석 compare_exp003.py,"전 조건 30 epoch, AdamW 1e-3, ReduceLROnPlateau(0.5, 3), best val F1 checkpoint, early stopping 없음. lr 시계열 기록",results/factorial_ablation/ms0_se1_sc0_seed42,"n=3 seed, validation 장비 4대. LR 감소 시점은 run 마다 다르다(동일 scheduler 규칙이지 동일 schedule 이 아니다). 학습 비결정성 ±0.001 수준(EXP-20260918-002)이라 SE 주효과·3-way 는 잡음과 같은 크기다","완료. multiscale +0.011558 ± 0.000799, SupCon +0.004170 ± 0.000637, SE +0.000128 ± 0.001137, interaction 합 +0.003920 (V2→V2+ +0.016924 의 23 %). ""단독 무효·결합 시너지"" 해석 철회 대상 (D-021). 본문 교체는 O-111"
EXP-20260907-003/ms0_se1_sc1/seed42,AIHUB-H1,completed,2^3 ablation(multiscale x SE x SupCon) 동일 예산·동일 scheduler 규칙·3 seed. interaction 추정. 2026-09-18 16:49~21:07 KST 서버 완료 (연구노트,,,,,,,4fac5bc09c2ef73341bc94c10ffd6d57dc19ec43,False,SERVER-TRAINING,keti-Precision-7920-Tower py3.12.13 torch2.6.0+cu124 cuda12.4 Quadro RTX 6000,/home/keti/projects/factory_safety/src/train_factorial_ablation.py --multiscale 0 --se 1 --supcon 1 --seed 42 --gpu 1,42,True,val_macro_f1,0.9405984754428826,val_accuracy=0.9343128781331028; nm_errors=46; best_epoch=30; init_sha256=689a1f994add10eb; started=2026-09-18T07:54:54.364521+00:00; finished=2026-09-18T08:33:12.385172+00:00,팩토리얼 내부 contrast (legacy Table 8 과는 classifier dropout 통일 때문에 직접 비교 불가). 분석 compare_exp003.py,"전 조건 30 epoch, AdamW 1e-3, ReduceLROnPlateau(0.5, 3), best val F1 checkpoint, early stopping 없음. lr 시계열 기록",results/factorial_ablation/ms0_se1_sc1_seed42,"n=3 seed, validation 장비 4대. LR 감소 시점은 run 마다 다르다(동일 scheduler 규칙이지 동일 schedule 이 아니다). 학습 비결정성 ±0.001 수준(EXP-20260918-002)이라 SE 주효과·3-way 는 잡음과 같은 크기다","완료. multiscale +0.011558 ± 0.000799, SupCon +0.004170 ± 0.000637, SE +0.000128 ± 0.001137, interaction 합 +0.003920 (V2→V2+ +0.016924 의 23 %). ""단독 무효·결합 시너지"" 해석 철회 대상 (D-021). 본문 교체는 O-111"
EXP-20260907-003/ms1_se0_sc0/seed42,AIHUB-H1,completed,2^3 ablation(multiscale x SE x SupCon) 동일 예산·동일 scheduler 규칙·3 seed. interaction 추정. 2026-09-18 16:49~21:07 KST 서버 완료 (연구노트,,,,,,,4fac5bc09c2ef73341bc94c10ffd6d57dc19ec43,False,SERVER-TRAINING,keti-Precision-7920-Tower py3.12.13 torch2.6.0+cu124 cuda12.4 Quadro RTX 6000,/home/keti/projects/factory_safety/src/train_factorial_ablation.py --multiscale 1 --se 0 --supcon 0 --seed 42 --gpu 0,42,True,val_macro_f1,0.9492319789607098,val_accuracy=0.9420916162489196; nm_errors=34; best_epoch=28; init_sha256=877a89e0b0bcfa82; started=2026-09-18T08:38:16.626718+00:00; finished=2026-09-18T09:17:42.396909+00:00,팩토리얼 내부 contrast (legacy Table 8 과는 classifier dropout 통일 때문에 직접 비교 불가). 분석 compare_exp003.py,"전 조건 30 epoch, AdamW 1e-3, ReduceLROnPlateau(0.5, 3), best val F1 checkpoint, early stopping 없음. lr 시계열 기록",results/factorial_ablation/ms1_se0_sc0_seed42,"n=3 seed, validation 장비 4대. LR 감소 시점은 run 마다 다르다(동일 scheduler 규칙이지 동일 schedule 이 아니다). 학습 비결정성 ±0.001 수준(EXP-20260918-002)이라 SE 주효과·3-way 는 잡음과 같은 크기다","완료. multiscale +0.011558 ± 0.000799, SupCon +0.004170 ± 0.000637, SE +0.000128 ± 0.001137, interaction 합 +0.003920 (V2→V2+ +0.016924 의 23 %). ""단독 무효·결합 시너지"" 해석 철회 대상 (D-021). 본문 교체는 O-111"
EXP-20260907-003/ms1_se0_sc1/seed42,AIHUB-H1,completed,2^3 ablation(multiscale x SE x SupCon) 동일 예산·동일 scheduler 규칙·3 seed. interaction 추정. 2026-09-18 16:49~21:07 KST 서버 완료 (연구노트,,,,,,,4fac5bc09c2ef73341bc94c10ffd6d57dc19ec43,False,SERVER-TRAINING,keti-Precision-7920-Tower py3.12.13 torch2.6.0+cu124 cuda12.4 Quadro RTX 6000,/home/keti/projects/factory_safety/src/train_factorial_ablation.py --multiscale 1 --se 0 --supcon 1 --seed 42 --gpu 0,42,True,val_macro_f1,0.9540212102967802,val_accuracy=0.9481417458945549; nm_errors=29; best_epoch=30; init_sha256=877a89e0b0bcfa82; started=2026-09-18T08:42:51.254028+00:00; finished=2026-09-18T09:25:55.550133+00:00,팩토리얼 내부 contrast (legacy Table 8 과는 classifier dropout 통일 때문에 직접 비교 불가). 분석 compare_exp003.py,"전 조건 30 epoch, AdamW 1e-3, ReduceLROnPlateau(0.5, 3), best val F1 checkpoint, early stopping 없음. lr 시계열 기록",results/factorial_ablation/ms1_se0_sc1_seed42,"n=3 seed, validation 장비 4대. LR 감소 시점은 run 마다 다르다(동일 scheduler 규칙이지 동일 schedule 이 아니다). 학습 비결정성 ±0.001 수준(EXP-20260918-002)이라 SE 주효과·3-way 는 잡음과 같은 크기다","완료. multiscale +0.011558 ± 0.000799, SupCon +0.004170 ± 0.000637, SE +0.000128 ± 0.001137, interaction 합 +0.003920 (V2→V2+ +0.016924 의 23 %). ""단독 무효·결합 시너지"" 해석 철회 대상 (D-021). 본문 교체는 O-111"
EXP-20260907-003/ms1_se1_sc0/seed42,AIHUB-H1,completed,2^3 ablation(multiscale x SE x SupCon) 동일 예산·동일 scheduler 규칙·3 seed. interaction 추정. 2026-09-18 16:49~21:07 KST 서버 완료 (연구노트,,,,,,,4fac5bc09c2ef73341bc94c10ffd6d57dc19ec43,False,SERVER-TRAINING,keti-Precision-7920-Tower py3.12.13 torch2.6.0+cu124 cuda12.4 Quadro RTX 6000,/home/keti/projects/factory_safety/src/train_factorial_ablation.py --multiscale 1 --se 1 --supcon 0 --seed 42 --gpu 1,42,True,val_macro_f1,0.9508380201741857,val_accuracy=0.9438202247191011; nm_errors=33; best_epoch=23; init_sha256=58f43109f4e5bc92; started=2026-09-18T08:31:35.746853+00:00; finished=2026-09-18T09:06:59.941770+00:00,팩토리얼 내부 contrast (legacy Table 8 과는 classifier dropout 통일 때문에 직접 비교 불가). 분석 compare_exp003.py,"전 조건 30 epoch, AdamW 1e-3, ReduceLROnPlateau(0.5, 3), best val F1 checkpoint, early stopping 없음. lr 시계열 기록",results/factorial_ablation/ms1_se1_sc0_seed42,"n=3 seed, validation 장비 4대. LR 감소 시점은 run 마다 다르다(동일 scheduler 규칙이지 동일 schedule 이 아니다). 학습 비결정성 ±0.001 수준(EXP-20260918-002)이라 SE 주효과·3-way 는 잡음과 같은 크기다","완료. multiscale +0.011558 ± 0.000799, SupCon +0.004170 ± 0.000637, SE +0.000128 ± 0.001137, interaction 합 +0.003920 (V2→V2+ +0.016924 의 23 %). ""단독 무효·결합 시너지"" 해석 철회 대상 (D-021). 본문 교체는 O-111"
EXP-20260907-003/ms1_se1_sc1/seed42,AIHUB-H1,completed,2^3 ablation(multiscale x SE x SupCon) 동일 예산·동일 scheduler 규칙·3 seed. interaction 추정. 2026-09-18 16:49~21:07 KST 서버 완료 (연구노트,,,,,,,4fac5bc09c2ef73341bc94c10ffd6d57dc19ec43,False,SERVER-TRAINING,keti-Precision-7920-Tower py3.12.13 torch2.6.0+cu124 cuda12.4 Quadro RTX 6000,/home/keti/projects/factory_safety/src/train_factorial_ablation.py --multiscale 1 --se 1 --supcon 1 --seed 42 --gpu 1,42,True,val_macro_f1,0.9550274952530355,val_accuracy=0.9481417458945549; nm_errors=33; best_epoch=30; init_sha256=58f43109f4e5bc92; started=2026-09-18T08:33:20.660287+00:00; finished=2026-09-18T09:12:47.303160+00:00,팩토리얼 내부 contrast (legacy Table 8 과는 classifier dropout 통일 때문에 직접 비교 불가). 분석 compare_exp003.py,"전 조건 30 epoch, AdamW 1e-3, ReduceLROnPlateau(0.5, 3), best val F1 checkpoint, early stopping 없음. lr 시계열 기록",results/factorial_ablation/ms1_se1_sc1_seed42,"n=3 seed, validation 장비 4대. LR 감소 시점은 run 마다 다르다(동일 scheduler 규칙이지 동일 schedule 이 아니다). 학습 비결정성 ±0.001 수준(EXP-20260918-002)이라 SE 주효과·3-way 는 잡음과 같은 크기다","완료. multiscale +0.011558 ± 0.000799, SupCon +0.004170 ± 0.000637, SE +0.000128 ± 0.001137, interaction 합 +0.003920 (V2→V2+ +0.016924 의 23 %). ""단독 무효·결합 시너지"" 해석 철회 대상 (D-021). 본문 교체는 O-111"
EXP-20260907-003/ms0_se0_sc0/seed123,AIHUB-H1,completed,2^3 ablation(multiscale x SE x SupCon) 동일 예산·동일 scheduler 규칙·3 seed. interaction 추정. 2026-09-18 16:49~21:07 KST 서버 완료 (연구노트,,,,,,,4fac5bc09c2ef73341bc94c10ffd6d57dc19ec43,False,SERVER-TRAINING,keti-Precision-7920-Tower py3.12.13 torch2.6.0+cu124 cuda12.4 Quadro RTX 6000,/home/keti/projects/factory_safety/src/train_factorial_ablation.py --multiscale 0 --se 0 --supcon 0 --seed 123 --gpu 0,123,True,val_macro_f1,0.9391113197148444,val_accuracy=0.9282627484874676; nm_errors=54; best_epoch=30; init_sha256=21b165bbfc8c754a; started=2026-09-18T09:17:50.826381+00:00; finished=2026-09-18T09:57:16.801737+00:00,팩토리얼 내부 contrast (legacy Table 8 과는 classifier dropout 통일 때문에 직접 비교 불가). 분석 compare_exp003.py,"전 조건 30 epoch, AdamW 1e-3, ReduceLROnPlateau(0.5, 3), best val F1 checkpoint, early stopping 없음. lr 시계열 기록",results/factorial_ablation/ms0_se0_sc0_seed123,"n=3 seed, validation 장비 4대. LR 감소 시점은 run 마다 다르다(동일 scheduler 규칙이지 동일 schedule 이 아니다). 학습 비결정성 ±0.001 수준(EXP-20260918-002)이라 SE 주효과·3-way 는 잡음과 같은 크기다","완료. multiscale +0.011558 ± 0.000799, SupCon +0.004170 ± 0.000637, SE +0.000128 ± 0.001137, interaction 합 +0.003920 (V2→V2+ +0.016924 의 23 %). ""단독 무효·결합 시너지"" 해석 철회 대상 (D-021). 본문 교체는 O-111"
EXP-20260907-003/ms0_se0_sc1/seed123,AIHUB-H1,completed,2^3 ablation(multiscale x SE x SupCon) 동일 예산·동일 scheduler 규칙·3 seed. interaction 추정. 2026-09-18 16:49~21:07 KST 서버 완료 (연구노트,,,,,,,4fac5bc09c2ef73341bc94c10ffd6d57dc19ec43,False,SERVER-TRAINING,keti-Precision-7920-Tower py3.12.13 torch2.6.0+cu124 cuda12.4 Quadro RTX 6000,/home/keti/projects/factory_safety/src/train_factorial_ablation.py --multiscale 0 --se 0 --supcon 1 --seed 123 --gpu 0,123,True,val_macro_f1,0.9386291844006994,val_accuracy=0.9299913569576491; nm_errors=47; best_epoch=26; init_sha256=21b165bbfc8c754a; started=2026-09-18T09:26:04.105360+00:00; finished=2026-09-18T10:09:04.594755+00:00,팩토리얼 내부 contrast (legacy Table 8 과는 classifier dropout 통일 때문에 직접 비교 불가). 분석 compare_exp003.py,"전 조건 30 epoch, AdamW 1e-3, ReduceLROnPlateau(0.5, 3), best val F1 checkpoint, early stopping 없음. lr 시계열 기록",results/factorial_ablation/ms0_se0_sc1_seed123,"n=3 seed, validation 장비 4대. LR 감소 시점은 run 마다 다르다(동일 scheduler 규칙이지 동일 schedule 이 아니다). 학습 비결정성 ±0.001 수준(EXP-20260918-002)이라 SE 주효과·3-way 는 잡음과 같은 크기다","완료. multiscale +0.011558 ± 0.000799, SupCon +0.004170 ± 0.000637, SE +0.000128 ± 0.001137, interaction 합 +0.003920 (V2→V2+ +0.016924 의 23 %). ""단독 무효·결합 시너지"" 해석 철회 대상 (D-021). 본문 교체는 O-111"
EXP-20260907-003/ms0_se1_sc0/seed123,AIHUB-H1,completed,2^3 ablation(multiscale x SE x SupCon) 동일 예산·동일 scheduler 규칙·3 seed. interaction 추정. 2026-09-18 16:49~21:07 KST 서버 완료 (연구노트,,,,,,,4fac5bc09c2ef73341bc94c10ffd6d57dc19ec43,False,SERVER-TRAINING,keti-Precision-7920-Tower py3.12.13 torch2.6.0+cu124 cuda12.4 Quadro RTX 6000,/home/keti/projects/factory_safety/src/train_factorial_ablation.py --multiscale 0 --se 1 --supcon 0 --seed 123 --gpu 1,123,True,val_macro_f1,0.9401221506825836,val_accuracy=0.9317199654278306; nm_errors=51; best_epoch=27; init_sha256=04c0f0b5cd8d5023; started=2026-09-18T09:07:07.840894+00:00; finished=2026-09-18T09:42:29.223616+00:00,팩토리얼 내부 contrast (legacy Table 8 과는 classifier dropout 통일 때문에 직접 비교 불가). 분석 compare_exp003.py,"전 조건 30 epoch, AdamW 1e-3, ReduceLROnPlateau(0.5, 3), best val F1 checkpoint, early stopping 없음. lr 시계열 기록",results/factorial_ablation/ms0_se1_sc0_seed123,"n=3 seed, validation 장비 4대. LR 감소 시점은 run 마다 다르다(동일 scheduler 규칙이지 동일 schedule 이 아니다). 학습 비결정성 ±0.001 수준(EXP-20260918-002)이라 SE 주효과·3-way 는 잡음과 같은 크기다","완료. multiscale +0.011558 ± 0.000799, SupCon +0.004170 ± 0.000637, SE +0.000128 ± 0.001137, interaction 합 +0.003920 (V2→V2+ +0.016924 의 23 %). ""단독 무효·결합 시너지"" 해석 철회 대상 (D-021). 본문 교체는 O-111"
EXP-20260907-003/ms0_se1_sc1/seed123,AIHUB-H1,completed,2^3 ablation(multiscale x SE x SupCon) 동일 예산·동일 scheduler 규칙·3 seed. interaction 추정. 2026-09-18 16:49~21:07 KST 서버 완료 (연구노트,,,,,,,4fac5bc09c2ef73341bc94c10ffd6d57dc19ec43,False,SERVER-TRAINING,keti-Precision-7920-Tower py3.12.13 torch2.6.0+cu124 cuda12.4 Quadro RTX 6000,/home/keti/projects/factory_safety/src/train_factorial_ablation.py --multiscale 0 --se 1 --supcon 1 --seed 123 --gpu 1,123,True,val_macro_f1,0.9408492055377313,val_accuracy=0.9343128781331028; nm_errors=43; best_epoch=24; init_sha256=04c0f0b5cd8d5023; started=2026-09-18T09:12:55.252582+00:00; finished=2026-09-18T09:52:15.725834+00:00,팩토리얼 내부 contrast (legacy Table 8 과는 classifier dropout 통일 때문에 직접 비교 불가). 분석 compare_exp003.py,"전 조건 30 epoch, AdamW 1e-3, ReduceLROnPlateau(0.5, 3), best val F1 checkpoint, early stopping 없음. lr 시계열 기록",results/factorial_ablation/ms0_se1_sc1_seed123,"n=3 seed, validation 장비 4대. LR 감소 시점은 run 마다 다르다(동일 scheduler 규칙이지 동일 schedule 이 아니다). 학습 비결정성 ±0.001 수준(EXP-20260918-002)이라 SE 주효과·3-way 는 잡음과 같은 크기다","완료. multiscale +0.011558 ± 0.000799, SupCon +0.004170 ± 0.000637, SE +0.000128 ± 0.001137, interaction 합 +0.003920 (V2→V2+ +0.016924 의 23 %). ""단독 무효·결합 시너지"" 해석 철회 대상 (D-021). 본문 교체는 O-111"
EXP-20260907-003/ms1_se0_sc0/seed123,AIHUB-H1,completed,2^3 ablation(multiscale x SE x SupCon) 동일 예산·동일 scheduler 규칙·3 seed. interaction 추정. 2026-09-18 16:49~21:07 KST 서버 완료 (연구노트,,,,,,,4fac5bc09c2ef73341bc94c10ffd6d57dc19ec43,False,SERVER-TRAINING,keti-Precision-7920-Tower py3.12.13 torch2.6.0+cu124 cuda12.4 Quadro RTX 6000,/home/keti/projects/factory_safety/src/train_factorial_ablation.py --multiscale 1 --se 0 --supcon 0 --seed 123 --gpu 0,123,True,val_macro_f1,0.94841709157205,val_accuracy=0.9403630077787382; nm_errors=38; best_epoch=29; init_sha256=63c8c694b9fb0fd6; started=2026-09-18T09:57:25.306197+00:00; finished=2026-09-18T10:36:52.488289+00:00,팩토리얼 내부 contrast (legacy Table 8 과는 classifier dropout 통일 때문에 직접 비교 불가). 분석 compare_exp003.py,"전 조건 30 epoch, AdamW 1e-3, ReduceLROnPlateau(0.5, 3), best val F1 checkpoint, early stopping 없음. lr 시계열 기록",results/factorial_ablation/ms1_se0_sc0_seed123,"n=3 seed, validation 장비 4대. LR 감소 시점은 run 마다 다르다(동일 scheduler 규칙이지 동일 schedule 이 아니다). 학습 비결정성 ±0.001 수준(EXP-20260918-002)이라 SE 주효과·3-way 는 잡음과 같은 크기다","완료. multiscale +0.011558 ± 0.000799, SupCon +0.004170 ± 0.000637, SE +0.000128 ± 0.001137, interaction 합 +0.003920 (V2→V2+ +0.016924 의 23 %). ""단독 무효·결합 시너지"" 해석 철회 대상 (D-021). 본문 교체는 O-111"
EXP-20260907-003/ms1_se0_sc1/seed123,AIHUB-H1,completed,2^3 ablation(multiscale x SE x SupCon) 동일 예산·동일 scheduler 규칙·3 seed. interaction 추정. 2026-09-18 16:49~21:07 KST 서버 완료 (연구노트,,,,,,,4fac5bc09c2ef73341bc94c10ffd6d57dc19ec43,False,SERVER-TRAINING,keti-Precision-7920-Tower py3.12.13 torch2.6.0+cu124 cuda12.4 Quadro RTX 6000,/home/keti/projects/factory_safety/src/train_factorial_ablation.py --multiscale 1 --se 0 --supcon 1 --seed 123 --gpu 0,123,True,val_macro_f1,0.9556198097049919,val_accuracy=0.9490060501296457; nm_errors=31; best_epoch=26; init_sha256=63c8c694b9fb0fd6; started=2026-09-18T10:09:12.765144+00:00; finished=2026-09-18T10:52:19.437605+00:00,팩토리얼 내부 contrast (legacy Table 8 과는 classifier dropout 통일 때문에 직접 비교 불가). 분석 compare_exp003.py,"전 조건 30 epoch, AdamW 1e-3, ReduceLROnPlateau(0.5, 3), best val F1 checkpoint, early stopping 없음. lr 시계열 기록",results/factorial_ablation/ms1_se0_sc1_seed123,"n=3 seed, validation 장비 4대. LR 감소 시점은 run 마다 다르다(동일 scheduler 규칙이지 동일 schedule 이 아니다). 학습 비결정성 ±0.001 수준(EXP-20260918-002)이라 SE 주효과·3-way 는 잡음과 같은 크기다","완료. multiscale +0.011558 ± 0.000799, SupCon +0.004170 ± 0.000637, SE +0.000128 ± 0.001137, interaction 합 +0.003920 (V2→V2+ +0.016924 의 23 %). ""단독 무효·결합 시너지"" 해석 철회 대상 (D-021). 본문 교체는 O-111"
EXP-20260907-003/ms1_se1_sc0/seed123,AIHUB-H1,completed,2^3 ablation(multiscale x SE x SupCon) 동일 예산·동일 scheduler 규칙·3 seed. interaction 추정. 2026-09-18 16:49~21:07 KST 서버 완료 (연구노트,,,,,,,4fac5bc09c2ef73341bc94c10ffd6d57dc19ec43,False,SERVER-TRAINING,keti-Precision-7920-Tower py3.12.13 torch2.6.0+cu124 cuda12.4 Quadro RTX 6000,/home/keti/projects/factory_safety/src/train_factorial_ablation.py --multiscale 1 --se 1 --supcon 0 --seed 123 --gpu 1,123,True,val_macro_f1,0.9442747511141325,val_accuracy=0.9343128781331028; nm_errors=49; best_epoch=27; init_sha256=d1d818434d15bcd8; started=2026-09-18T09:42:37.511388+00:00; finished=2026-09-18T10:17:55.908753+00:00,팩토리얼 내부 contrast (legacy Table 8 과는 classifier dropout 통일 때문에 직접 비교 불가). 분석 compare_exp003.py,"전 조건 30 epoch, AdamW 1e-3, ReduceLROnPlateau(0.5, 3), best val F1 checkpoint, early stopping 없음. lr 시계열 기록",results/factorial_ablation/ms1_se1_sc0_seed123,"n=3 seed, validation 장비 4대. LR 감소 시점은 run 마다 다르다(동일 scheduler 규칙이지 동일 schedule 이 아니다). 학습 비결정성 ±0.001 수준(EXP-20260918-002)이라 SE 주효과·3-way 는 잡음과 같은 크기다","완료. multiscale +0.011558 ± 0.000799, SupCon +0.004170 ± 0.000637, SE +0.000128 ± 0.001137, interaction 합 +0.003920 (V2→V2+ +0.016924 의 23 %). ""단독 무효·결합 시너지"" 해석 철회 대상 (D-021). 본문 교체는 O-111"
EXP-20260907-003/ms1_se1_sc1/seed123,AIHUB-H1,completed,2^3 ablation(multiscale x SE x SupCon) 동일 예산·동일 scheduler 규칙·3 seed. interaction 추정. 2026-09-18 16:49~21:07 KST 서버 완료 (연구노트,,,,,,,4fac5bc09c2ef73341bc94c10ffd6d57dc19ec43,False,SERVER-TRAINING,keti-Precision-7920-Tower py3.12.13 torch2.6.0+cu124 cuda12.4 Quadro RTX 6000,/home/keti/projects/factory_safety/src/train_factorial_ablation.py --multiscale 1 --se 1 --supcon 1 --seed 123 --gpu 1,123,True,val_macro_f1,0.9563947434301314,val_accuracy=0.9498703543647364; nm_errors=30; best_epoch=26; init_sha256=d1d818434d15bcd8; started=2026-09-18T09:52:23.605778+00:00; finished=2026-09-18T10:31:44.610834+00:00,팩토리얼 내부 contrast (legacy Table 8 과는 classifier dropout 통일 때문에 직접 비교 불가). 분석 compare_exp003.py,"전 조건 30 epoch, AdamW 1e-3, ReduceLROnPlateau(0.5, 3), best val F1 checkpoint, early stopping 없음. lr 시계열 기록",results/factorial_ablation/ms1_se1_sc1_seed123,"n=3 seed, validation 장비 4대. LR 감소 시점은 run 마다 다르다(동일 scheduler 규칙이지 동일 schedule 이 아니다). 학습 비결정성 ±0.001 수준(EXP-20260918-002)이라 SE 주효과·3-way 는 잡음과 같은 크기다","완료. multiscale +0.011558 ± 0.000799, SupCon +0.004170 ± 0.000637, SE +0.000128 ± 0.001137, interaction 합 +0.003920 (V2→V2+ +0.016924 의 23 %). ""단독 무효·결합 시너지"" 해석 철회 대상 (D-021). 본문 교체는 O-111"
EXP-20260907-003/ms0_se0_sc0/seed456,AIHUB-H1,completed,2^3 ablation(multiscale x SE x SupCon) 동일 예산·동일 scheduler 규칙·3 seed. interaction 추정. 2026-09-18 16:49~21:07 KST 서버 완료 (연구노트,,,,,,,4fac5bc09c2ef73341bc94c10ffd6d57dc19ec43,False,SERVER-TRAINING,keti-Precision-7920-Tower py3.12.13 torch2.6.0+cu124 cuda12.4 Quadro RTX 6000,/home/keti/projects/factory_safety/src/train_factorial_ablation.py --multiscale 0 --se 0 --supcon 0 --seed 456 --gpu 0,456,True,val_macro_f1,0.938244653576477,val_accuracy=0.9273984442523768; nm_errors=53; best_epoch=30; init_sha256=21777e51a44edebc; started=2026-09-18T10:37:00.336258+00:00; finished=2026-09-18T11:16:21.409191+00:00,팩토리얼 내부 contrast (legacy Table 8 과는 classifier dropout 통일 때문에 직접 비교 불가). 분석 compare_exp003.py,"전 조건 30 epoch, AdamW 1e-3, ReduceLROnPlateau(0.5, 3), best val F1 checkpoint, early stopping 없음. lr 시계열 기록",results/factorial_ablation/ms0_se0_sc0_seed456,"n=3 seed, validation 장비 4대. LR 감소 시점은 run 마다 다르다(동일 scheduler 규칙이지 동일 schedule 이 아니다). 학습 비결정성 ±0.001 수준(EXP-20260918-002)이라 SE 주효과·3-way 는 잡음과 같은 크기다","완료. multiscale +0.011558 ± 0.000799, SupCon +0.004170 ± 0.000637, SE +0.000128 ± 0.001137, interaction 합 +0.003920 (V2→V2+ +0.016924 의 23 %). ""단독 무효·결합 시너지"" 해석 철회 대상 (D-021). 본문 교체는 O-111"
EXP-20260907-003/ms0_se0_sc1/seed456,AIHUB-H1,completed,2^3 ablation(multiscale x SE x SupCon) 동일 예산·동일 scheduler 규칙·3 seed. interaction 추정. 2026-09-18 16:49~21:07 KST 서버 완료 (연구노트,,,,,,,4fac5bc09c2ef73341bc94c10ffd6d57dc19ec43,False,SERVER-TRAINING,keti-Precision-7920-Tower py3.12.13 torch2.6.0+cu124 cuda12.4 Quadro RTX 6000,/home/keti/projects/factory_safety/src/train_factorial_ablation.py --multiscale 0 --se 0 --supcon 1 --seed 456 --gpu 0,456,True,val_macro_f1,0.9398280990194496,val_accuracy=0.9317199654278306; nm_errors=47; best_epoch=29; init_sha256=21777e51a44edebc; started=2026-09-18T10:52:28.189178+00:00; finished=2026-09-18T11:35:32.512469+00:00,팩토리얼 내부 contrast (legacy Table 8 과는 classifier dropout 통일 때문에 직접 비교 불가). 분석 compare_exp003.py,"전 조건 30 epoch, AdamW 1e-3, ReduceLROnPlateau(0.5, 3), best val F1 checkpoint, early stopping 없음. lr 시계열 기록",results/factorial_ablation/ms0_se0_sc1_seed456,"n=3 seed, validation 장비 4대. LR 감소 시점은 run 마다 다르다(동일 scheduler 규칙이지 동일 schedule 이 아니다). 학습 비결정성 ±0.001 수준(EXP-20260918-002)이라 SE 주효과·3-way 는 잡음과 같은 크기다","완료. multiscale +0.011558 ± 0.000799, SupCon +0.004170 ± 0.000637, SE +0.000128 ± 0.001137, interaction 합 +0.003920 (V2→V2+ +0.016924 의 23 %). ""단독 무효·결합 시너지"" 해석 철회 대상 (D-021). 본문 교체는 O-111"
EXP-20260907-003/ms0_se1_sc0/seed456,AIHUB-H1,completed,2^3 ablation(multiscale x SE x SupCon) 동일 예산·동일 scheduler 규칙·3 seed. interaction 추정. 2026-09-18 16:49~21:07 KST 서버 완료 (연구노트,,,,,,,4fac5bc09c2ef73341bc94c10ffd6d57dc19ec43,False,SERVER-TRAINING,keti-Precision-7920-Tower py3.12.13 torch2.6.0+cu124 cuda12.4 Quadro RTX 6000,/home/keti/projects/factory_safety/src/train_factorial_ablation.py --multiscale 0 --se 1 --supcon 0 --seed 456 --gpu 1,456,True,val_macro_f1,0.9411346813982098,val_accuracy=0.9317199654278306; nm_errors=48; best_epoch=30; init_sha256=b3786fd1e8e872a1; started=2026-09-18T10:18:04.118920+00:00; finished=2026-09-18T10:53:22.577515+00:00,팩토리얼 내부 contrast (legacy Table 8 과는 classifier dropout 통일 때문에 직접 비교 불가). 분석 compare_exp003.py,"전 조건 30 epoch, AdamW 1e-3, ReduceLROnPlateau(0.5, 3), best val F1 checkpoint, early stopping 없음. lr 시계열 기록",results/factorial_ablation/ms0_se1_sc0_seed456,"n=3 seed, validation 장비 4대. LR 감소 시점은 run 마다 다르다(동일 scheduler 규칙이지 동일 schedule 이 아니다). 학습 비결정성 ±0.001 수준(EXP-20260918-002)이라 SE 주효과·3-way 는 잡음과 같은 크기다","완료. multiscale +0.011558 ± 0.000799, SupCon +0.004170 ± 0.000637, SE +0.000128 ± 0.001137, interaction 합 +0.003920 (V2→V2+ +0.016924 의 23 %). ""단독 무효·결합 시너지"" 해석 철회 대상 (D-021). 본문 교체는 O-111"
EXP-20260907-003/ms0_se1_sc1/seed456,AIHUB-H1,completed,2^3 ablation(multiscale x SE x SupCon) 동일 예산·동일 scheduler 규칙·3 seed. interaction 추정. 2026-09-18 16:49~21:07 KST 서버 완료 (연구노트,,,,,,,4fac5bc09c2ef73341bc94c10ffd6d57dc19ec43,False,SERVER-TRAINING,keti-Precision-7920-Tower py3.12.13 torch2.6.0+cu124 cuda12.4 Quadro RTX 6000,/home/keti/projects/factory_safety/src/train_factorial_ablation.py --multiscale 0 --se 1 --supcon 1 --seed 456 --gpu 1,456,True,val_macro_f1,0.942994995087229,val_accuracy=0.9360414866032843; nm_errors=46; best_epoch=30; init_sha256=b3786fd1e8e872a1; started=2026-09-18T10:31:52.535321+00:00; finished=2026-09-18T11:11:10.396301+00:00,팩토리얼 내부 contrast (legacy Table 8 과는 classifier dropout 통일 때문에 직접 비교 불가). 분석 compare_exp003.py,"전 조건 30 epoch, AdamW 1e-3, ReduceLROnPlateau(0.5, 3), best val F1 checkpoint, early stopping 없음. lr 시계열 기록",results/factorial_ablation/ms0_se1_sc1_seed456,"n=3 seed, validation 장비 4대. LR 감소 시점은 run 마다 다르다(동일 scheduler 규칙이지 동일 schedule 이 아니다). 학습 비결정성 ±0.001 수준(EXP-20260918-002)이라 SE 주효과·3-way 는 잡음과 같은 크기다","완료. multiscale +0.011558 ± 0.000799, SupCon +0.004170 ± 0.000637, SE +0.000128 ± 0.001137, interaction 합 +0.003920 (V2→V2+ +0.016924 의 23 %). ""단독 무효·결합 시너지"" 해석 철회 대상 (D-021). 본문 교체는 O-111"
EXP-20260907-003/ms1_se0_sc0/seed456,AIHUB-H1,completed,2^3 ablation(multiscale x SE x SupCon) 동일 예산·동일 scheduler 규칙·3 seed. interaction 추정. 2026-09-18 16:49~21:07 KST 서버 완료 (연구노트,,,,,,,4fac5bc09c2ef73341bc94c10ffd6d57dc19ec43,False,SERVER-TRAINING,keti-Precision-7920-Tower py3.12.13 torch2.6.0+cu124 cuda12.4 Quadro RTX 6000,/home/keti/projects/factory_safety/src/train_factorial_ablation.py --multiscale 1 --se 0 --supcon 0 --seed 456 --gpu 0,456,True,val_macro_f1,0.9517745948534935,val_accuracy=0.9446845289541919; nm_errors=34; best_epoch=30; init_sha256=066e4830beb9e76d; started=2026-09-18T11:16:29.802935+00:00; finished=2026-09-18T11:55:55.798884+00:00,팩토리얼 내부 contrast (legacy Table 8 과는 classifier dropout 통일 때문에 직접 비교 불가). 분석 compare_exp003.py,"전 조건 30 epoch, AdamW 1e-3, ReduceLROnPlateau(0.5, 3), best val F1 checkpoint, early stopping 없음. lr 시계열 기록",results/factorial_ablation/ms1_se0_sc0_seed456,"n=3 seed, validation 장비 4대. LR 감소 시점은 run 마다 다르다(동일 scheduler 규칙이지 동일 schedule 이 아니다). 학습 비결정성 ±0.001 수준(EXP-20260918-002)이라 SE 주효과·3-way 는 잡음과 같은 크기다","완료. multiscale +0.011558 ± 0.000799, SupCon +0.004170 ± 0.000637, SE +0.000128 ± 0.001137, interaction 합 +0.003920 (V2→V2+ +0.016924 의 23 %). ""단독 무효·결합 시너지"" 해석 철회 대상 (D-021). 본문 교체는 O-111"
EXP-20260907-003/ms1_se0_sc1/seed456,AIHUB-H1,completed,2^3 ablation(multiscale x SE x SupCon) 동일 예산·동일 scheduler 규칙·3 seed. interaction 추정. 2026-09-18 16:49~21:07 KST 서버 완료 (연구노트,,,,,,,4fac5bc09c2ef73341bc94c10ffd6d57dc19ec43,False,SERVER-TRAINING,keti-Precision-7920-Tower py3.12.13 torch2.6.0+cu124 cuda12.4 Quadro RTX 6000,/home/keti/projects/factory_safety/src/train_factorial_ablation.py --multiscale 1 --se 0 --supcon 1 --seed 456 --gpu 0,456,True,val_macro_f1,0.9544500872726875,val_accuracy=0.9481417458945549; nm_errors=30; best_epoch=24; init_sha256=066e4830beb9e76d; started=2026-09-18T11:35:40.634232+00:00; finished=2026-09-18T12:06:42.906735+00:00,팩토리얼 내부 contrast (legacy Table 8 과는 classifier dropout 통일 때문에 직접 비교 불가). 분석 compare_exp003.py,"전 조건 30 epoch, AdamW 1e-3, ReduceLROnPlateau(0.5, 3), best val F1 checkpoint, early stopping 없음. lr 시계열 기록",results/factorial_ablation/ms1_se0_sc1_seed456,"n=3 seed, validation 장비 4대. LR 감소 시점은 run 마다 다르다(동일 scheduler 규칙이지 동일 schedule 이 아니다). 학습 비결정성 ±0.001 수준(EXP-20260918-002)이라 SE 주효과·3-way 는 잡음과 같은 크기다","완료. multiscale +0.011558 ± 0.000799, SupCon +0.004170 ± 0.000637, SE +0.000128 ± 0.001137, interaction 합 +0.003920 (V2→V2+ +0.016924 의 23 %). ""단독 무효·결합 시너지"" 해석 철회 대상 (D-021). 본문 교체는 O-111"
EXP-20260907-003/ms1_se1_sc0/seed456,AIHUB-H1,completed,2^3 ablation(multiscale x SE x SupCon) 동일 예산·동일 scheduler 규칙·3 seed. interaction 추정. 2026-09-18 16:49~21:07 KST 서버 완료 (연구노트,,,,,,,4fac5bc09c2ef73341bc94c10ffd6d57dc19ec43,False,SERVER-TRAINING,keti-Precision-7920-Tower py3.12.13 torch2.6.0+cu124 cuda12.4 Quadro RTX 6000,/home/keti/projects/factory_safety/src/train_factorial_ablation.py --multiscale 1 --se 1 --supcon 0 --seed 456 --gpu 1,456,True,val_macro_f1,0.9479569470049531,val_accuracy=0.9394987035436474; nm_errors=42; best_epoch=30; init_sha256=b9b1fb9f5d1915c8; started=2026-09-18T10:53:30.546947+00:00; finished=2026-09-18T11:28:56.406245+00:00,팩토리얼 내부 contrast (legacy Table 8 과는 classifier dropout 통일 때문에 직접 비교 불가). 분석 compare_exp003.py,"전 조건 30 epoch, AdamW 1e-3, ReduceLROnPlateau(0.5, 3), best val F1 checkpoint, early stopping 없음. lr 시계열 기록",results/factorial_ablation/ms1_se1_sc0_seed456,"n=3 seed, validation 장비 4대. LR 감소 시점은 run 마다 다르다(동일 scheduler 규칙이지 동일 schedule 이 아니다). 학습 비결정성 ±0.001 수준(EXP-20260918-002)이라 SE 주효과·3-way 는 잡음과 같은 크기다","완료. multiscale +0.011558 ± 0.000799, SupCon +0.004170 ± 0.000637, SE +0.000128 ± 0.001137, interaction 합 +0.003920 (V2→V2+ +0.016924 의 23 %). ""단독 무효·결합 시너지"" 해석 철회 대상 (D-021). 본문 교체는 O-111"
EXP-20260907-003/ms1_se1_sc1/seed456,AIHUB-H1,completed,2^3 ablation(multiscale x SE x SupCon) 동일 예산·동일 scheduler 규칙·3 seed. interaction 추정. 2026-09-18 16:49~21:07 KST 서버 완료 (연구노트,,,,,,,4fac5bc09c2ef73341bc94c10ffd6d57dc19ec43,False,SERVER-TRAINING,keti-Precision-7920-Tower py3.12.13 torch2.6.0+cu124 cuda12.4 Quadro RTX 6000,/home/keti/projects/factory_safety/src/train_factorial_ablation.py --multiscale 1 --se 1 --supcon 1 --seed 456 --gpu 1,456,True,val_macro_f1,0.9575602488737005,val_accuracy=0.9515989628349178; nm_errors=29; best_epoch=29; init_sha256=b9b1fb9f5d1915c8; started=2026-09-18T11:11:18.955127+00:00; finished=2026-09-18T11:39:26.281979+00:00,팩토리얼 내부 contrast (legacy Table 8 과는 classifier dropout 통일 때문에 직접 비교 불가). 분석 compare_exp003.py,"전 조건 30 epoch, AdamW 1e-3, ReduceLROnPlateau(0.5, 3), best val F1 checkpoint, early stopping 없음. lr 시계열 기록",results/factorial_ablation/ms1_se1_sc1_seed456,"n=3 seed, validation 장비 4대. LR 감소 시점은 run 마다 다르다(동일 scheduler 규칙이지 동일 schedule 이 아니다). 학습 비결정성 ±0.001 수준(EXP-20260918-002)이라 SE 주효과·3-way 는 잡음과 같은 크기다","완료. multiscale +0.011558 ± 0.000799, SupCon +0.004170 ± 0.000637, SE +0.000128 ± 0.001137, interaction 합 +0.003920 (V2→V2+ +0.016924 의 23 %). ""단독 무효·결합 시너지"" 해석 철회 대상 (D-021). 본문 교체는 O-111"
EXP-20260918-002/seed42,AIHUB-H1,completed,seed 42 동일 조건 V2+ 재실행 1회 — seed 가 초기 가중치와 결과를 재현하는지 (연구노트,,,,,,,3920ef15f3d2db3655200b70ac9f4e26fce46bcc,False,SERVER-TRAINING,keti-Precision-7920-Tower py3.12.13 torch2.6.0+cu124 cuda12.4 Quadro RTX 6000,/home/keti/projects/factory_safety/src/train_v2plus.py --seed 42 --gpu 0 --results-dir results/v2plus_g2e_seed42_rep,42,True,val_macro_f1,0.954039633211555,val_accuracy=0.9472774416594641; nm_errors=33; best_epoch=24; init_sha256=58f43109f4e5bc92; started=2026-09-18T07:38:47.316975+00:00; finished=2026-09-18T08:19:54.430614+00:00,"results/v2plus_g2e_seed42 (G2e, 초기 가중치 sha256 58f43109…)",G2e 와 동일 30 epoch,results/v2plus_g2e_seed42_rep,cuDNN 결정론 옵션을 켜지 않은 상태의 재실행. 비결정성 원인은 추정이며 확인하지 않았다,"초기 가중치 sha256 동일. F1 0.954040 vs 0.954825 (Δ −0.0008), epoch 별 val F1 30 중 0 일치. 재현성 주장은 ""초기 가중치 + 결과 분포"" 로 한정 (N17)"
EXP-20260921-001/seed42,AIHUB-H1,completed,--deterministic 모드 seed 42 V2+ 를 GPU 0/1 에서 독립 실행해 bit-level 재현 확인 (연구노트,,,,,,,38dc5c3f5766dc42ea740eaee33135f5caf14228,False,SERVER-TRAINING,keti-Precision-7920-Tower py3.12.13 torch2.6.0+cu124 cuda12.4 Quadro RTX 6000,/home/keti/projects/factory_safety/src/train_v2plus.py --seed 42 --gpu 0 --deterministic --results-dir results/v2plus_det_seed42_a,42,True,val_macro_f1,0.9548876139874771,val_accuracy=0.9481417458945549; nm_errors=32; best_epoch=30; init_sha256=58f43109f4e5bc92; started=2026-09-21T00:49:03.026580+00:00; finished=2026-09-21T01:33:25.983152+00:00,"두 run 상호 비교 (history 210 값, 최종 model_state_dict sha256). 참고 비결정 G2e seed 42 0.954825",G2e 와 동일 30 epoch,results/v2plus_det_seed42_a,속도 비용 미측정 (GPU 를 EXP-20260921-002 와 공유). 팩토리얼 러너에는 결정론 옵션 미구현,"PASS. history 7종 × 30 epoch 210/210 일치, F1 0.954888 best@30 NM 32, 최종 가중치·optimizer 텐서 동일, 비결정 kernel 경고 0 (D-024, N20)"
EXP-20260921-001/seed42,AIHUB-H1,completed,--deterministic 모드 seed 42 V2+ 를 GPU 0/1 에서 독립 실행해 bit-level 재현 확인 (연구노트,,,,,,,38dc5c3f5766dc42ea740eaee33135f5caf14228,False,SERVER-TRAINING,keti-Precision-7920-Tower py3.12.13 torch2.6.0+cu124 cuda12.4 Quadro RTX 6000,/home/keti/projects/factory_safety/src/train_v2plus.py --seed 42 --gpu 1 --deterministic --results-dir results/v2plus_det_seed42_b,42,True,val_macro_f1,0.9548876139874771,val_accuracy=0.9481417458945549; nm_errors=32; best_epoch=30; init_sha256=58f43109f4e5bc92; started=2026-09-21T00:50:05.460454+00:00; finished=2026-09-21T01:30:50.792192+00:00,"두 run 상호 비교 (history 210 값, 최종 model_state_dict sha256). 참고 비결정 G2e seed 42 0.954825",G2e 와 동일 30 epoch,results/v2plus_det_seed42_b,속도 비용 미측정 (GPU 를 EXP-20260921-002 와 공유). 팩토리얼 러너에는 결정론 옵션 미구현,"PASS. history 7종 × 30 epoch 210/210 일치, F1 0.954888 best@30 NM 32, 최종 가중치·optimizer 텐서 동일, 비결정 kernel 경고 0 (D-024, N20)"
EXP-20260921-002/ms1_se0_sc1/seed7,AIHUB-H1,completed,"SE 추가 기여(ms1_se1_sc1 − ms1_se0_sc1) 확인용 seed 3개 추가 (7, 2026, 31415). EXP-003 의 3 seed 와 합쳐 6 seed (연구노트",,,,,,,38dc5c3f5766dc42ea740eaee33135f5caf14228,False,SERVER-TRAINING,keti-Precision-7920-Tower py3.12.13 torch2.6.0+cu124 cuda12.4 Quadro RTX 6000,/home/keti/projects/factory_safety/src/train_factorial_ablation.py --multiscale 1 --se 0 --supcon 1 --seed 7 --gpu 0,7,True,val_macro_f1,0.9544002554794104,val_accuracy=0.9498703543647364; nm_errors=30; best_epoch=29; init_sha256=ebd6a233cc10f8bf; started=2026-09-21T00:51:12.675889+00:00; finished=2026-09-21T01:32:31.197079+00:00,EXP-20260907-003 의 같은 두 조건 seed 42/123/456. 분석 se_followup.txt,"EXP-003 과 동일 프로토콜 (30 epoch, 비결정 모드)",results/factorial_ablation/ms1_se0_sc1_seed7,비결정 모드 잡음 ±0.001 이 개별 Δ 에 섞임. 통과 조건은 사전 명시(6 seed 부호 유지),"통과 조건 실패. ΔF1 mean +0.001470 std 0.002359, 양 5/6, seed 31415 −0.002715. SE 기여 미확립 (N21). 논문 §7.3 반영"
EXP-20260921-002/ms1_se1_sc1/seed7,AIHUB-H1,completed,"SE 추가 기여(ms1_se1_sc1 − ms1_se0_sc1) 확인용 seed 3개 추가 (7, 2026, 31415). EXP-003 의 3 seed 와 합쳐 6 seed (연구노트",,,,,,,38dc5c3f5766dc42ea740eaee33135f5caf14228,False,SERVER-TRAINING,keti-Precision-7920-Tower py3.12.13 torch2.6.0+cu124 cuda12.4 Quadro RTX 6000,/home/keti/projects/factory_safety/src/train_factorial_ablation.py --multiscale 1 --se 1 --supcon 1 --seed 7 --gpu 1,7,True,val_macro_f1,0.9575440002198077,val_accuracy=0.9515989628349178; nm_errors=28; best_epoch=29; init_sha256=ee36ec4d8e88a0ce; started=2026-09-21T00:52:14.370131+00:00; finished=2026-09-21T01:29:42.826384+00:00,EXP-20260907-003 의 같은 두 조건 seed 42/123/456. 분석 se_followup.txt,"EXP-003 과 동일 프로토콜 (30 epoch, 비결정 모드)",results/factorial_ablation/ms1_se1_sc1_seed7,비결정 모드 잡음 ±0.001 이 개별 Δ 에 섞임. 통과 조건은 사전 명시(6 seed 부호 유지),"통과 조건 실패. ΔF1 mean +0.001470 std 0.002359, 양 5/6, seed 31415 −0.002715. SE 기여 미확립 (N21). 논문 §7.3 반영"
EXP-20260921-002/ms1_se0_sc1/seed2026,AIHUB-H1,completed,"SE 추가 기여(ms1_se1_sc1 − ms1_se0_sc1) 확인용 seed 3개 추가 (7, 2026, 31415). EXP-003 의 3 seed 와 합쳐 6 seed (연구노트",,,,,,,38dc5c3f5766dc42ea740eaee33135f5caf14228,False,SERVER-TRAINING,keti-Precision-7920-Tower py3.12.13 torch2.6.0+cu124 cuda12.4 Quadro RTX 6000,/home/keti/projects/factory_safety/src/train_factorial_ablation.py --multiscale 1 --se 0 --supcon 1 --seed 2026 --gpu 0,2026,True,val_macro_f1,0.9540975032940187,val_accuracy=0.9464131374243734; nm_errors=36; best_epoch=23; init_sha256=8001f84c852cc1dc; started=2026-09-21T01:32:39.474341+00:00; finished=2026-09-21T01:53:26.553810+00:00,EXP-20260907-003 의 같은 두 조건 seed 42/123/456. 분석 se_followup.txt,"EXP-003 과 동일 프로토콜 (30 epoch, 비결정 모드)",results/factorial_ablation/ms1_se0_sc1_seed2026,비결정 모드 잡음 ±0.001 이 개별 Δ 에 섞임. 통과 조건은 사전 명시(6 seed 부호 유지),"통과 조건 실패. ΔF1 mean +0.001470 std 0.002359, 양 5/6, seed 31415 −0.002715. SE 기여 미확립 (N21). 논문 §7.3 반영"
EXP-20260921-002/ms1_se1_sc1/seed2026,AIHUB-H1,completed,"SE 추가 기여(ms1_se1_sc1 − ms1_se0_sc1) 확인용 seed 3개 추가 (7, 2026, 31415). EXP-003 의 3 seed 와 합쳐 6 seed (연구노트",,,,,,,38dc5c3f5766dc42ea740eaee33135f5caf14228,False,SERVER-TRAINING,keti-Precision-7920-Tower py3.12.13 torch2.6.0+cu124 cuda12.4 Quadro RTX 6000,/home/keti/projects/factory_safety/src/train_factorial_ablation.py --multiscale 1 --se 1 --supcon 1 --seed 2026 --gpu 1,2026,True,val_macro_f1,0.9575998941790964,val_accuracy=0.9524632670700086; nm_errors=26; best_epoch=30; init_sha256=88d573a741ffd035; started=2026-09-21T01:29:51.554541+00:00; finished=2026-09-21T01:49:06.552661+00:00,EXP-20260907-003 의 같은 두 조건 seed 42/123/456. 분석 se_followup.txt,"EXP-003 과 동일 프로토콜 (30 epoch, 비결정 모드)",results/factorial_ablation/ms1_se1_sc1_seed2026,비결정 모드 잡음 ±0.001 이 개별 Δ 에 섞임. 통과 조건은 사전 명시(6 seed 부호 유지),"통과 조건 실패. ΔF1 mean +0.001470 std 0.002359, 양 5/6, seed 31415 −0.002715. SE 기여 미확립 (N21). 논문 §7.3 반영"
EXP-20260921-002/ms1_se0_sc1/seed31415,AIHUB-H1,completed,"SE 추가 기여(ms1_se1_sc1 − ms1_se0_sc1) 확인용 seed 3개 추가 (7, 2026, 31415). EXP-003 의 3 seed 와 합쳐 6 seed (연구노트",,,,,,,38dc5c3f5766dc42ea740eaee33135f5caf14228,False,SERVER-TRAINING,keti-Precision-7920-Tower py3.12.13 torch2.6.0+cu124 cuda12.4 Quadro RTX 6000,/home/keti/projects/factory_safety/src/train_factorial_ablation.py --multiscale 1 --se 0 --supcon 1 --seed 31415 --gpu 0,31415,True,val_macro_f1,0.9576210734808503,val_accuracy=0.9515989628349178; nm_errors=29; best_epoch=24; init_sha256=f8be35cb406645b1; started=2026-09-21T01:53:33.769919+00:00; finished=2026-09-21T02:13:58.153361+00:00,EXP-20260907-003 의 같은 두 조건 seed 42/123/456. 분석 se_followup.txt,"EXP-003 과 동일 프로토콜 (30 epoch, 비결정 모드)",results/factorial_ablation/ms1_se0_sc1_seed31415,비결정 모드 잡음 ±0.001 이 개별 Δ 에 섞임. 통과 조건은 사전 명시(6 seed 부호 유지),"통과 조건 실패. ΔF1 mean +0.001470 std 0.002359, 양 5/6, seed 31415 −0.002715. SE 기여 미확립 (N21). 논문 §7.3 반영"
EXP-20260921-002/ms1_se1_sc1/seed31415,AIHUB-H1,completed,"SE 추가 기여(ms1_se1_sc1 − ms1_se0_sc1) 확인용 seed 3개 추가 (7, 2026, 31415). EXP-003 의 3 seed 와 합쳐 6 seed (연구노트",,,,,,,38dc5c3f5766dc42ea740eaee33135f5caf14228,False,SERVER-TRAINING,keti-Precision-7920-Tower py3.12.13 torch2.6.0+cu124 cuda12.4 Quadro RTX 6000,/home/keti/projects/factory_safety/src/train_factorial_ablation.py --multiscale 1 --se 1 --supcon 1 --seed 31415 --gpu 1,31415,True,val_macro_f1,0.9549064996648844,val_accuracy=0.9481417458945549; nm_errors=31; best_epoch=29; init_sha256=9ffd49c69f4ec05f; started=2026-09-21T01:49:13.051019+00:00; finished=2026-09-21T02:08:00.478895+00:00,EXP-20260907-003 의 같은 두 조건 seed 42/123/456. 분석 se_followup.txt,"EXP-003 과 동일 프로토콜 (30 epoch, 비결정 모드)",results/factorial_ablation/ms1_se1_sc1_seed31415,비결정 모드 잡음 ±0.001 이 개별 Δ 에 섞임. 통과 조건은 사전 명시(6 seed 부호 유지),"통과 조건 실패. ΔF1 mean +0.001470 std 0.002359, 양 5/6, seed 31415 −0.002715. SE 기여 미확립 (N21). 논문 §7.3 반영"
EXP-20260928-001/seed42,AIHUB-H1,completed,정상 데이터만으로 fine-tune 할 때의 weight 궤적·망각·대상 도메인 효과. 사무실 데이터를 쓰기 전에 절차를 측정 (연구노트,,,,,,,817ccb5074c19f54d42d8ba4a0cc2c9e1dd0f5af,False,SERVER-TRAINING,keti-Precision-7920-Tower py3.12.13 torch2.6.0+cu124 cuda12.4 Quadro RTX 6000,/home/keti/projects/factory_safety/src/train_adaptation_trajectory.py --fold 0 --lr 1e-6 --steps 400 --gpu 0,42,no_record,val_macro_f1,no_record,nm_errors=no_record; best_epoch=no_record; init_sha256=no_record; started=2026-09-28T03:49:46.531950+00:00; finished=2026-09-28T03:52:07.158485+00:00,"출발 체크포인트(fold 0, 망각셋 0.9430 / 대상 0.9475). 집계 compare_adaptation.txt","고정 400 step, 로그 간격 측정점 17개. scheduler·early stopping 없음",results/adaptation_trajectory/fold0_lr1e-06_seed42,장비를 환경의 대역으로 썼다 (사무실 환경과 같다는 주장이 아니다). seed 1개·fold 1개·체크포인트 1개. 적응셋 장비가 대상 도메인 평가셋에도 포함되므로 대상 점수는 낙관적. 가중치 없는 CE,"완료. Mild F1 0.893 -> 0.762(1e-5) / 0.624(1e-4), Moderate·Severe 불변, Severe recall 0.984 불변. 예산 변수는 상대 변위 (3e-3 이하 안전, 2e-2 에서 0.05~0.09 손실). 손상은 첫 50 step 에 포화 (D-027, N27/N28)"
EXP-20260928-001/seed42,AIHUB-H1,completed,정상 데이터만으로 fine-tune 할 때의 weight 궤적·망각·대상 도메인 효과. 사무실 데이터를 쓰기 전에 절차를 측정 (연구노트,,,,,,,817ccb5074c19f54d42d8ba4a0cc2c9e1dd0f5af,False,SERVER-TRAINING,keti-Precision-7920-Tower py3.12.13 torch2.6.0+cu124 cuda12.4 Quadro RTX 6000,/home/keti/projects/factory_safety/src/train_adaptation_trajectory.py --fold 0 --lr 1e-5 --steps 400 --gpu 0,42,no_record,val_macro_f1,no_record,nm_errors=no_record; best_epoch=no_record; init_sha256=no_record; started=2026-09-28T03:45:51.308598+00:00; finished=2026-09-28T03:48:10.163142+00:00,"출발 체크포인트(fold 0, 망각셋 0.9430 / 대상 0.9475). 집계 compare_adaptation.txt","고정 400 step, 로그 간격 측정점 17개. scheduler·early stopping 없음",results/adaptation_trajectory/fold0_lr1e-05_seed42,장비를 환경의 대역으로 썼다 (사무실 환경과 같다는 주장이 아니다). seed 1개·fold 1개·체크포인트 1개. 적응셋 장비가 대상 도메인 평가셋에도 포함되므로 대상 점수는 낙관적. 가중치 없는 CE,"완료. Mild F1 0.893 -> 0.762(1e-5) / 0.624(1e-4), Moderate·Severe 불변, Severe recall 0.984 불변. 예산 변수는 상대 변위 (3e-3 이하 안전, 2e-2 에서 0.05~0.09 손실). 손상은 첫 50 step 에 포화 (D-027, N27/N28)"
EXP-20260928-001/seed42,AIHUB-H1,completed,정상 데이터만으로 fine-tune 할 때의 weight 궤적·망각·대상 도메인 효과. 사무실 데이터를 쓰기 전에 절차를 측정 (연구노트,,,,,,,817ccb5074c19f54d42d8ba4a0cc2c9e1dd0f5af,False,SERVER-TRAINING,keti-Precision-7920-Tower py3.12.13 torch2.6.0+cu124 cuda12.4 Quadro RTX 6000,/home/keti/projects/factory_safety/src/train_adaptation_trajectory.py --fold 0 --lr 1e-4 --steps 400 --gpu 1,42,no_record,val_macro_f1,no_record,nm_errors=no_record; best_epoch=no_record; init_sha256=no_record; started=2026-09-28T03:48:07.977921+00:00; finished=2026-09-28T03:50:28.532431+00:00,"출발 체크포인트(fold 0, 망각셋 0.9430 / 대상 0.9475). 집계 compare_adaptation.txt","고정 400 step, 로그 간격 측정점 17개. scheduler·early stopping 없음",results/adaptation_trajectory/fold0_lr0.0001_seed42,장비를 환경의 대역으로 썼다 (사무실 환경과 같다는 주장이 아니다). seed 1개·fold 1개·체크포인트 1개. 적응셋 장비가 대상 도메인 평가셋에도 포함되므로 대상 점수는 낙관적. 가중치 없는 CE,"완료. Mild F1 0.893 -> 0.762(1e-5) / 0.624(1e-4), Moderate·Severe 불변, Severe recall 0.984 불변. 예산 변수는 상대 변위 (3e-3 이하 안전, 2e-2 에서 0.05~0.09 손실). 손상은 첫 50 step 에 포화 (D-027, N27/N28)"
EXP-20260928-002/seed42,AIHUB-H1,completed,현장 CT 가 한 개일 때의 입력 스키마 비용과 CT 설치 위치 (O-101/B-5). 2026-09-28 서버 완료 (연구노트,,,,,,,5ef1833d4355af4a46a62bf0074455b32fa1999b,False,SERVER-TRAINING,keti-Precision-7920-Tower py3.12.13 torch2.6.0+cu124 cuda12.4 Quadro RTX 6000,"/home/keti/projects/factory_safety/src/train_channel_subset.py --channels NTC,PM1.0,PM2.5,PM10,CT1,CT2,CT3,CT4 --tag 8ch_control --gpu 1",42,True,val_macro_f1,0.9548876139874771,val_accuracy=0.9481417458945549; nm_errors=32; best_epoch=30; init_sha256=0f35f158a509c4cd; started=2026-09-28T04:19:49.681884+00:00; finished=2026-09-28T04:41:36.259373+00:00,"8채널 기준 0.954888 (기준 실행을 정확히 재현). 집계 compare_channels.txt, 통계 ct_analysis.txt",전 조건 동일 30 epoch·동일 scheduler·결정론,results/channel_subset/8ch_control_seed42,AI Hub 는 테스트베드 로봇이며 현장 전류 계통 배치가 같다는 보장이 없다 (B-5). CT3·CT4 는 seed 1개이고 둘의 차이 0.19 pp 는 seed 편차와 같은 크기다. 장비 단위 불확실성 미반영. 5채널 모델을 처음부터 학습했으며 8채널에서의 전이는 시험하지 않았다,"완료. CT2 0.934282 / CT3 0.867177 / CT4 0.865312 / CT1 0.844238 / CT 없음 0.833938. CT2-CT1 = +8.71 pp (2 seed). CT2 하나가 네 개 전부 이득의 83 % 회수, Severe recall 1.000 복구. 현장 스키마 5채널 확정 (D-028), B-5 를 하드웨어 차단 항목으로 승격"
EXP-20260928-002/seed42,AIHUB-H1,completed,현장 CT 가 한 개일 때의 입력 스키마 비용과 CT 설치 위치 (O-101/B-5). 2026-09-28 서버 완료 (연구노트,,,,,,,5ef1833d4355af4a46a62bf0074455b32fa1999b,False,SERVER-TRAINING,keti-Precision-7920-Tower py3.12.13 torch2.6.0+cu124 cuda12.4 Quadro RTX 6000,"/home/keti/projects/factory_safety/src/train_channel_subset.py --channels NTC,PM1.0,PM2.5,PM10,CT2 --tag 5ch_ct2 --gpu 0",42,True,val_macro_f1,0.9342821585972,val_accuracy=0.9265341400172861; nm_errors=51; best_epoch=26; init_sha256=7c0c68ee808fffc9; started=2026-09-28T04:43:41.086318+00:00; finished=2026-09-28T05:06:52.207340+00:00,"8채널 기준 0.954888 (기준 실행을 정확히 재현). 집계 compare_channels.txt, 통계 ct_analysis.txt",전 조건 동일 30 epoch·동일 scheduler·결정론,results/channel_subset/5ch_ct2_seed42,AI Hub 는 테스트베드 로봇이며 현장 전류 계통 배치가 같다는 보장이 없다 (B-5). CT3·CT4 는 seed 1개이고 둘의 차이 0.19 pp 는 seed 편차와 같은 크기다. 장비 단위 불확실성 미반영. 5채널 모델을 처음부터 학습했으며 8채널에서의 전이는 시험하지 않았다,"완료. CT2 0.934282 / CT3 0.867177 / CT4 0.865312 / CT1 0.844238 / CT 없음 0.833938. CT2-CT1 = +8.71 pp (2 seed). CT2 하나가 네 개 전부 이득의 83 % 회수, Severe recall 1.000 복구. 현장 스키마 5채널 확정 (D-028), B-5 를 하드웨어 차단 항목으로 승격"
EXP-20260928-002/seed42,AIHUB-H1,completed,현장 CT 가 한 개일 때의 입력 스키마 비용과 CT 설치 위치 (O-101/B-5). 2026-09-28 서버 완료 (연구노트,,,,,,,5ef1833d4355af4a46a62bf0074455b32fa1999b,False,SERVER-TRAINING,keti-Precision-7920-Tower py3.12.13 torch2.6.0+cu124 cuda12.4 Quadro RTX 6000,"/home/keti/projects/factory_safety/src/train_channel_subset.py --channels NTC,PM1.0,PM2.5,PM10,CT3 --tag 5ch_ct3 --gpu 0",42,True,val_macro_f1,0.867177428379104,val_accuracy=0.8867761452031115; nm_errors=61; best_epoch=26; init_sha256=0ff154480c167313; started=2026-09-28T05:08:45.976531+00:00; finished=2026-09-28T05:31:58.012229+00:00,"8채널 기준 0.954888 (기준 실행을 정확히 재현). 집계 compare_channels.txt, 통계 ct_analysis.txt",전 조건 동일 30 epoch·동일 scheduler·결정론,results/channel_subset/5ch_ct3_seed42,AI Hub 는 테스트베드 로봇이며 현장 전류 계통 배치가 같다는 보장이 없다 (B-5). CT3·CT4 는 seed 1개이고 둘의 차이 0.19 pp 는 seed 편차와 같은 크기다. 장비 단위 불확실성 미반영. 5채널 모델을 처음부터 학습했으며 8채널에서의 전이는 시험하지 않았다,"완료. CT2 0.934282 / CT3 0.867177 / CT4 0.865312 / CT1 0.844238 / CT 없음 0.833938. CT2-CT1 = +8.71 pp (2 seed). CT2 하나가 네 개 전부 이득의 83 % 회수, Severe recall 1.000 복구. 현장 스키마 5채널 확정 (D-028), B-5 를 하드웨어 차단 항목으로 승격"
EXP-20260928-002/seed42,AIHUB-H1,completed,현장 CT 가 한 개일 때의 입력 스키마 비용과 CT 설치 위치 (O-101/B-5). 2026-09-28 서버 완료 (연구노트,,,,,,,5ef1833d4355af4a46a62bf0074455b32fa1999b,False,SERVER-TRAINING,keti-Precision-7920-Tower py3.12.13 torch2.6.0+cu124 cuda12.4 Quadro RTX 6000,"/home/keti/projects/factory_safety/src/train_channel_subset.py --channels NTC,PM1.0,PM2.5,PM10,CT4 --tag 5ch_ct4 --gpu 1",42,True,val_macro_f1,0.865312005002496,val_accuracy=0.88504753673293; nm_errors=68; best_epoch=24; init_sha256=fe66467fdbc2d1a6; started=2026-09-28T05:10:19.714970+00:00; finished=2026-09-28T05:32:04.368429+00:00,"8채널 기준 0.954888 (기준 실행을 정확히 재현). 집계 compare_channels.txt, 통계 ct_analysis.txt",전 조건 동일 30 epoch·동일 scheduler·결정론,results/channel_subset/5ch_ct4_seed42,AI Hub 는 테스트베드 로봇이며 현장 전류 계통 배치가 같다는 보장이 없다 (B-5). CT3·CT4 는 seed 1개이고 둘의 차이 0.19 pp 는 seed 편차와 같은 크기다. 장비 단위 불확실성 미반영. 5채널 모델을 처음부터 학습했으며 8채널에서의 전이는 시험하지 않았다,"완료. CT2 0.934282 / CT3 0.867177 / CT4 0.865312 / CT1 0.844238 / CT 없음 0.833938. CT2-CT1 = +8.71 pp (2 seed). CT2 하나가 네 개 전부 이득의 83 % 회수, Severe recall 1.000 복구. 현장 스키마 5채널 확정 (D-028), B-5 를 하드웨어 차단 항목으로 승격"
EXP-20260928-002/seed42,AIHUB-H1,completed,현장 CT 가 한 개일 때의 입력 스키마 비용과 CT 설치 위치 (O-101/B-5). 2026-09-28 서버 완료 (연구노트,,,,,,,5ef1833d4355af4a46a62bf0074455b32fa1999b,False,SERVER-TRAINING,keti-Precision-7920-Tower py3.12.13 torch2.6.0+cu124 cuda12.4 Quadro RTX 6000,"/home/keti/projects/factory_safety/src/train_channel_subset.py --channels NTC,PM1.0,PM2.5,PM10,CT1 --tag 5ch_field --gpu 0",42,True,val_macro_f1,0.8442383734963201,val_accuracy=0.8789974070872947; nm_errors=58; best_epoch=25; init_sha256=aa85f020cd34c4bc; started=2026-09-28T04:18:16.457446+00:00; finished=2026-09-28T04:41:21.090585+00:00,"8채널 기준 0.954888 (기준 실행을 정확히 재현). 집계 compare_channels.txt, 통계 ct_analysis.txt",전 조건 동일 30 epoch·동일 scheduler·결정론,results/channel_subset/5ch_field_seed42,AI Hub 는 테스트베드 로봇이며 현장 전류 계통 배치가 같다는 보장이 없다 (B-5). CT3·CT4 는 seed 1개이고 둘의 차이 0.19 pp 는 seed 편차와 같은 크기다. 장비 단위 불확실성 미반영. 5채널 모델을 처음부터 학습했으며 8채널에서의 전이는 시험하지 않았다,"완료. CT2 0.934282 / CT3 0.867177 / CT4 0.865312 / CT1 0.844238 / CT 없음 0.833938. CT2-CT1 = +8.71 pp (2 seed). CT2 하나가 네 개 전부 이득의 83 % 회수, Severe recall 1.000 복구. 현장 스키마 5채널 확정 (D-028), B-5 를 하드웨어 차단 항목으로 승격"
EXP-20260928-002/seed42,AIHUB-H1,completed,현장 CT 가 한 개일 때의 입력 스키마 비용과 CT 설치 위치 (O-101/B-5). 2026-09-28 서버 완료 (연구노트,,,,,,,5ef1833d4355af4a46a62bf0074455b32fa1999b,False,SERVER-TRAINING,keti-Precision-7920-Tower py3.12.13 torch2.6.0+cu124 cuda12.4 Quadro RTX 6000,"/home/keti/projects/factory_safety/src/train_channel_subset.py --channels NTC,PM1.0,PM2.5,PM10 --tag 4ch_noct --gpu 1",42,True,val_macro_f1,0.8339377911015504,val_accuracy=0.8643042350907519; nm_errors=74; best_epoch=19; init_sha256=02f6a820e04b7ad2; started=2026-09-28T04:45:16.306598+00:00; finished=2026-09-28T05:07:00.818103+00:00,"8채널 기준 0.954888 (기준 실행을 정확히 재현). 집계 compare_channels.txt, 통계 ct_analysis.txt",전 조건 동일 30 epoch·동일 scheduler·결정론,results/channel_subset/4ch_noct_seed42,AI Hub 는 테스트베드 로봇이며 현장 전류 계통 배치가 같다는 보장이 없다 (B-5). CT3·CT4 는 seed 1개이고 둘의 차이 0.19 pp 는 seed 편차와 같은 크기다. 장비 단위 불확실성 미반영. 5채널 모델을 처음부터 학습했으며 8채널에서의 전이는 시험하지 않았다,"완료. CT2 0.934282 / CT3 0.867177 / CT4 0.865312 / CT1 0.844238 / CT 없음 0.833938. CT2-CT1 = +8.71 pp (2 seed). CT2 하나가 네 개 전부 이득의 83 % 회수, Severe recall 1.000 복구. 현장 스키마 5채널 확정 (D-028), B-5 를 하드웨어 차단 항목으로 승격"
EXP-20260928-002/seed123,AIHUB-H1,completed,현장 CT 가 한 개일 때의 입력 스키마 비용과 CT 설치 위치 (O-101/B-5). 2026-09-28 서버 완료 (연구노트,,,,,,,5ef1833d4355af4a46a62bf0074455b32fa1999b,False,SERVER-TRAINING,keti-Precision-7920-Tower py3.12.13 torch2.6.0+cu124 cuda12.4 Quadro RTX 6000,"/home/keti/projects/factory_safety/src/train_channel_subset.py --channels NTC,PM1.0,PM2.5,PM10,CT2 --tag 5ch_ct2_s123 --seed 123 --gpu 1",123,True,val_macro_f1,0.9326454226309089,val_accuracy=0.9265341400172861; nm_errors=51; best_epoch=24; init_sha256=046a5979fe0a9c07; started=2026-09-28T05:35:59.723695+00:00; finished=2026-09-28T05:57:48.177550+00:00,"8채널 기준 0.954888 (기준 실행을 정확히 재현). 집계 compare_channels.txt, 통계 ct_analysis.txt",전 조건 동일 30 epoch·동일 scheduler·결정론,results/channel_subset/5ch_ct2_s123_seed123,AI Hub 는 테스트베드 로봇이며 현장 전류 계통 배치가 같다는 보장이 없다 (B-5). CT3·CT4 는 seed 1개이고 둘의 차이 0.19 pp 는 seed 편차와 같은 크기다. 장비 단위 불확실성 미반영. 5채널 모델을 처음부터 학습했으며 8채널에서의 전이는 시험하지 않았다,"완료. CT2 0.934282 / CT3 0.867177 / CT4 0.865312 / CT1 0.844238 / CT 없음 0.833938. CT2-CT1 = +8.71 pp (2 seed). CT2 하나가 네 개 전부 이득의 83 % 회수, Severe recall 1.000 복구. 현장 스키마 5채널 확정 (D-028), B-5 를 하드웨어 차단 항목으로 승격"
EXP-20260928-002/seed123,AIHUB-H1,completed,현장 CT 가 한 개일 때의 입력 스키마 비용과 CT 설치 위치 (O-101/B-5). 2026-09-28 서버 완료 (연구노트,,,,,,,5ef1833d4355af4a46a62bf0074455b32fa1999b,False,SERVER-TRAINING,keti-Precision-7920-Tower py3.12.13 torch2.6.0+cu124 cuda12.4 Quadro RTX 6000,"/home/keti/projects/factory_safety/src/train_channel_subset.py --channels NTC,PM1.0,PM2.5,PM10,CT1 --tag 5ch_ct1_s123 --seed 123 --gpu 0",123,True,val_macro_f1,0.8484749861610271,val_accuracy=0.8789974070872947; nm_errors=62; best_epoch=30; init_sha256=58d3e12a0b41a44d; started=2026-09-28T05:34:39.971246+00:00; finished=2026-09-28T05:57:50.148249+00:00,"8채널 기준 0.954888 (기준 실행을 정확히 재현). 집계 compare_channels.txt, 통계 ct_analysis.txt",전 조건 동일 30 epoch·동일 scheduler·결정론,results/channel_subset/5ch_ct1_s123_seed123,AI Hub 는 테스트베드 로봇이며 현장 전류 계통 배치가 같다는 보장이 없다 (B-5). CT3·CT4 는 seed 1개이고 둘의 차이 0.19 pp 는 seed 편차와 같은 크기다. 장비 단위 불확실성 미반영. 5채널 모델을 처음부터 학습했으며 8채널에서의 전이는 시험하지 않았다,"완료. CT2 0.934282 / CT3 0.867177 / CT4 0.865312 / CT1 0.844238 / CT 없음 0.833938. CT2-CT1 = +8.71 pp (2 seed). CT2 하나가 네 개 전부 이득의 83 % 회수, Severe recall 1.000 복구. 현장 스키마 5채널 확정 (D-028), B-5 를 하드웨어 차단 항목으로 승격"
EXP-20260928-003/seed42,AIHUB-H1,completed,"현장 스키마(5채널) 모델의 데이터 규모 곡선과, 같은 예산을 장비 몇 대에 나눌지. 현장 캠페인 규모 산정 (연구노트",,,,,,,b43c413e64dd8683ed14c30988355aed079ead90,False,SERVER-TRAINING,keti-Precision-7920-Tower py3.12.13 torch2.6.0+cu124 cuda12.4 Quadro RTX 6000,/home/keti/projects/factory_safety/src/train_data_scaling.py --machines 1 --draw 0 --gpu 0,42,True,val_macro_f1,0.5865329474608475,val_accuracy=0.6603284356093345; nm_errors=176; best_epoch=8; init_sha256=7c0c68ee808fffc9; started=2026-09-28T06:05:44.517568+00:00; finished=2026-09-28T06:07:32.830190+00:00,32대 전체 학습 0.934282 (EXP-20260928-002 5ch_ct2). 집계 compare_scaling.txt,전 조건 동일 30 epoch·동일 scheduler·결정론,results/data_scaling/n01_draw0_seed42,"AI Hub 의 장비·센서·고장은 현장의 것이 아니다. 곡선의 형태이지 현장 정확도의 예측이 아니다. 평가는 validation 4대이므로 장비 단위 불확실성(N23)이 더해진다. 점당 seed 1개. AI Hub 는 장비당 약 2시간뿐이라 ""한 대를 오래"" 조건은 만들 수 없었다","완료. 장비 1대 0.5216 (Severe recall 0.508, 뽑기 폭 0.130) / 2대 0.7785 / 4대 0.8474 (폭 0.010) / 8대 0.8785 / 16대 0.9035 / 24대 0.9231. 같은 250창 예산에서 1대 -> 8대 +12.26 pp 인 반면 8대에서 예산 8배는 +20.66 pp 로 양이 더 크다. Severe recall 만 장비 수에 단조. 캠페인 최소 규모 확정 (D-030, N31/N32)"
EXP-20260928-003/seed42,AIHUB-H1,completed,"현장 스키마(5채널) 모델의 데이터 규모 곡선과, 같은 예산을 장비 몇 대에 나눌지. 현장 캠페인 규모 산정 (연구노트",,,,,,,b43c413e64dd8683ed14c30988355aed079ead90,False,SERVER-TRAINING,keti-Precision-7920-Tower py3.12.13 torch2.6.0+cu124 cuda12.4 Quadro RTX 6000,/home/keti/projects/factory_safety/src/train_data_scaling.py --machines 1 --draw 1 --gpu 1,42,True,val_macro_f1,0.4567483789543387,val_accuracy=0.5635263612791702; nm_errors=196; best_epoch=26; init_sha256=7c0c68ee808fffc9; started=2026-09-28T06:07:21.123050+00:00; finished=2026-09-28T06:09:13.271980+00:00,32대 전체 학습 0.934282 (EXP-20260928-002 5ch_ct2). 집계 compare_scaling.txt,전 조건 동일 30 epoch·동일 scheduler·결정론,results/data_scaling/n01_draw1_seed42,"AI Hub 의 장비·센서·고장은 현장의 것이 아니다. 곡선의 형태이지 현장 정확도의 예측이 아니다. 평가는 validation 4대이므로 장비 단위 불확실성(N23)이 더해진다. 점당 seed 1개. AI Hub 는 장비당 약 2시간뿐이라 ""한 대를 오래"" 조건은 만들 수 없었다","완료. 장비 1대 0.5216 (Severe recall 0.508, 뽑기 폭 0.130) / 2대 0.7785 / 4대 0.8474 (폭 0.010) / 8대 0.8785 / 16대 0.9035 / 24대 0.9231. 같은 250창 예산에서 1대 -> 8대 +12.26 pp 인 반면 8대에서 예산 8배는 +20.66 pp 로 양이 더 크다. Severe recall 만 장비 수에 단조. 캠페인 최소 규모 확정 (D-030, N31/N32)"
EXP-20260928-003/seed42,AIHUB-H1,completed,"현장 스키마(5채널) 모델의 데이터 규모 곡선과, 같은 예산을 장비 몇 대에 나눌지. 현장 캠페인 규모 산정 (연구노트",,,,,,,3161c093e29567b493d21904412d4ba2ae795dd8,False,SERVER-TRAINING,keti-Precision-7920-Tower py3.12.13 torch2.6.0+cu124 cuda12.4 Quadro RTX 6000,/home/keti/projects/factory_safety/src/train_data_scaling.py --machines 1 --max-sessions-per-machine 7 --draw 0 --gpu 0,42,True,val_macro_f1,0.5865329474608475,val_accuracy=0.6603284356093345; nm_errors=176; best_epoch=8; init_sha256=7c0c68ee808fffc9; started=2026-09-28T06:41:14.957514+00:00; finished=2026-09-28T06:43:05.337078+00:00,32대 전체 학습 0.934282 (EXP-20260928-002 5ch_ct2). 집계 compare_scaling.txt,전 조건 동일 30 epoch·동일 scheduler·결정론,results/data_scaling/n01_s7_draw0_seed42,"AI Hub 의 장비·센서·고장은 현장의 것이 아니다. 곡선의 형태이지 현장 정확도의 예측이 아니다. 평가는 validation 4대이므로 장비 단위 불확실성(N23)이 더해진다. 점당 seed 1개. AI Hub 는 장비당 약 2시간뿐이라 ""한 대를 오래"" 조건은 만들 수 없었다","완료. 장비 1대 0.5216 (Severe recall 0.508, 뽑기 폭 0.130) / 2대 0.7785 / 4대 0.8474 (폭 0.010) / 8대 0.8785 / 16대 0.9035 / 24대 0.9231. 같은 250창 예산에서 1대 -> 8대 +12.26 pp 인 반면 8대에서 예산 8배는 +20.66 pp 로 양이 더 크다. Severe recall 만 장비 수에 단조. 캠페인 최소 규모 확정 (D-030, N31/N32)"
EXP-20260928-003/seed42,AIHUB-H1,completed,"현장 스키마(5채널) 모델의 데이터 규모 곡선과, 같은 예산을 장비 몇 대에 나눌지. 현장 캠페인 규모 산정 (연구노트",,,,,,,3161c093e29567b493d21904412d4ba2ae795dd8,False,SERVER-TRAINING,keti-Precision-7920-Tower py3.12.13 torch2.6.0+cu124 cuda12.4 Quadro RTX 6000,/home/keti/projects/factory_safety/src/train_data_scaling.py --machines 1 --max-sessions-per-machine 7 --draw 1 --gpu 1,42,True,val_macro_f1,0.4567483789543387,val_accuracy=0.5635263612791702; nm_errors=196; best_epoch=26; init_sha256=7c0c68ee808fffc9; started=2026-09-28T06:42:52.977285+00:00; finished=2026-09-28T06:44:40.644128+00:00,32대 전체 학습 0.934282 (EXP-20260928-002 5ch_ct2). 집계 compare_scaling.txt,전 조건 동일 30 epoch·동일 scheduler·결정론,results/data_scaling/n01_s7_draw1_seed42,"AI Hub 의 장비·센서·고장은 현장의 것이 아니다. 곡선의 형태이지 현장 정확도의 예측이 아니다. 평가는 validation 4대이므로 장비 단위 불확실성(N23)이 더해진다. 점당 seed 1개. AI Hub 는 장비당 약 2시간뿐이라 ""한 대를 오래"" 조건은 만들 수 없었다","완료. 장비 1대 0.5216 (Severe recall 0.508, 뽑기 폭 0.130) / 2대 0.7785 / 4대 0.8474 (폭 0.010) / 8대 0.8785 / 16대 0.9035 / 24대 0.9231. 같은 250창 예산에서 1대 -> 8대 +12.26 pp 인 반면 8대에서 예산 8배는 +20.66 pp 로 양이 더 크다. Severe recall 만 장비 수에 단조. 캠페인 최소 규모 확정 (D-030, N31/N32)"
EXP-20260928-003/seed42,AIHUB-H1,completed,"현장 스키마(5채널) 모델의 데이터 규모 곡선과, 같은 예산을 장비 몇 대에 나눌지. 현장 캠페인 규모 산정 (연구노트",,,,,,,3161c093e29567b493d21904412d4ba2ae795dd8,False,SERVER-TRAINING,keti-Precision-7920-Tower py3.12.13 torch2.6.0+cu124 cuda12.4 Quadro RTX 6000,/home/keti/projects/factory_safety/src/train_data_scaling.py --machines 1 --max-sessions-per-machine 7 --draw 2 --gpu 0,42,True,val_macro_f1,0.6672958469969679,val_accuracy=0.6750216076058773; nm_errors=200; best_epoch=4; init_sha256=7c0c68ee808fffc9; started=2026-09-28T06:51:37.919007+00:00; finished=2026-09-28T06:53:25.552021+00:00,32대 전체 학습 0.934282 (EXP-20260928-002 5ch_ct2). 집계 compare_scaling.txt,전 조건 동일 30 epoch·동일 scheduler·결정론,results/data_scaling/n01_s7_draw2_seed42,"AI Hub 의 장비·센서·고장은 현장의 것이 아니다. 곡선의 형태이지 현장 정확도의 예측이 아니다. 평가는 validation 4대이므로 장비 단위 불확실성(N23)이 더해진다. 점당 seed 1개. AI Hub 는 장비당 약 2시간뿐이라 ""한 대를 오래"" 조건은 만들 수 없었다","완료. 장비 1대 0.5216 (Severe recall 0.508, 뽑기 폭 0.130) / 2대 0.7785 / 4대 0.8474 (폭 0.010) / 8대 0.8785 / 16대 0.9035 / 24대 0.9231. 같은 250창 예산에서 1대 -> 8대 +12.26 pp 인 반면 8대에서 예산 8배는 +20.66 pp 로 양이 더 크다. Severe recall 만 장비 수에 단조. 캠페인 최소 규모 확정 (D-030, N31/N32)"
EXP-20260928-003/seed42,AIHUB-H1,completed,"현장 스키마(5채널) 모델의 데이터 규모 곡선과, 같은 예산을 장비 몇 대에 나눌지. 현장 캠페인 규모 산정 (연구노트",,,,,,,3161c093e29567b493d21904412d4ba2ae795dd8,False,SERVER-TRAINING,keti-Precision-7920-Tower py3.12.13 torch2.6.0+cu124 cuda12.4 Quadro RTX 6000,/home/keti/projects/factory_safety/src/train_data_scaling.py --machines 1 --max-sessions-per-machine 7 --draw 3 --gpu 1,42,True,val_macro_f1,0.48697327287656883,val_accuracy=0.5592048401037165; nm_errors=235; best_epoch=6; init_sha256=7c0c68ee808fffc9; started=2026-09-28T06:57:01.617733+00:00; finished=2026-09-28T06:58:56.254686+00:00,32대 전체 학습 0.934282 (EXP-20260928-002 5ch_ct2). 집계 compare_scaling.txt,전 조건 동일 30 epoch·동일 scheduler·결정론,results/data_scaling/n01_s7_draw3_seed42,"AI Hub 의 장비·센서·고장은 현장의 것이 아니다. 곡선의 형태이지 현장 정확도의 예측이 아니다. 평가는 validation 4대이므로 장비 단위 불확실성(N23)이 더해진다. 점당 seed 1개. AI Hub 는 장비당 약 2시간뿐이라 ""한 대를 오래"" 조건은 만들 수 없었다","완료. 장비 1대 0.5216 (Severe recall 0.508, 뽑기 폭 0.130) / 2대 0.7785 / 4대 0.8474 (폭 0.010) / 8대 0.8785 / 16대 0.9035 / 24대 0.9231. 같은 250창 예산에서 1대 -> 8대 +12.26 pp 인 반면 8대에서 예산 8배는 +20.66 pp 로 양이 더 크다. Severe recall 만 장비 수에 단조. 캠페인 최소 규모 확정 (D-030, N31/N32)"
EXP-20260928-003/seed42,AIHUB-H1,completed,"현장 스키마(5채널) 모델의 데이터 규모 곡선과, 같은 예산을 장비 몇 대에 나눌지. 현장 캠페인 규모 산정 (연구노트",,,,,,,b43c413e64dd8683ed14c30988355aed079ead90,False,SERVER-TRAINING,keti-Precision-7920-Tower py3.12.13 torch2.6.0+cu124 cuda12.4 Quadro RTX 6000,/home/keti/projects/factory_safety/src/train_data_scaling.py --machines 2 --draw 0 --gpu 0,42,True,val_macro_f1,0.8169662240152148,val_accuracy=0.8124459809853068; nm_errors=107; best_epoch=22; init_sha256=7c0c68ee808fffc9; started=2026-09-28T06:07:40.303083+00:00; finished=2026-09-28T06:10:18.405804+00:00,32대 전체 학습 0.934282 (EXP-20260928-002 5ch_ct2). 집계 compare_scaling.txt,전 조건 동일 30 epoch·동일 scheduler·결정론,results/data_scaling/n02_draw0_seed42,"AI Hub 의 장비·센서·고장은 현장의 것이 아니다. 곡선의 형태이지 현장 정확도의 예측이 아니다. 평가는 validation 4대이므로 장비 단위 불확실성(N23)이 더해진다. 점당 seed 1개. AI Hub 는 장비당 약 2시간뿐이라 ""한 대를 오래"" 조건은 만들 수 없었다","완료. 장비 1대 0.5216 (Severe recall 0.508, 뽑기 폭 0.130) / 2대 0.7785 / 4대 0.8474 (폭 0.010) / 8대 0.8785 / 16대 0.9035 / 24대 0.9231. 같은 250창 예산에서 1대 -> 8대 +12.26 pp 인 반면 8대에서 예산 8배는 +20.66 pp 로 양이 더 크다. Severe recall 만 장비 수에 단조. 캠페인 최소 규모 확정 (D-030, N31/N32)"
EXP-20260928-003/seed42,AIHUB-H1,completed,"현장 스키마(5채널) 모델의 데이터 규모 곡선과, 같은 예산을 장비 몇 대에 나눌지. 현장 캠페인 규모 산정 (연구노트",,,,,,,b43c413e64dd8683ed14c30988355aed079ead90,False,SERVER-TRAINING,keti-Precision-7920-Tower py3.12.13 torch2.6.0+cu124 cuda12.4 Quadro RTX 6000,/home/keti/projects/factory_safety/src/train_data_scaling.py --machines 2 --draw 1 --gpu 1,42,True,val_macro_f1,0.7400041745089091,val_accuracy=0.7407087294727744; nm_errors=165; best_epoch=18; init_sha256=7c0c68ee808fffc9; started=2026-09-28T06:09:20.570126+00:00; finished=2026-09-28T06:11:53.769275+00:00,32대 전체 학습 0.934282 (EXP-20260928-002 5ch_ct2). 집계 compare_scaling.txt,전 조건 동일 30 epoch·동일 scheduler·결정론,results/data_scaling/n02_draw1_seed42,"AI Hub 의 장비·센서·고장은 현장의 것이 아니다. 곡선의 형태이지 현장 정확도의 예측이 아니다. 평가는 validation 4대이므로 장비 단위 불확실성(N23)이 더해진다. 점당 seed 1개. AI Hub 는 장비당 약 2시간뿐이라 ""한 대를 오래"" 조건은 만들 수 없었다","완료. 장비 1대 0.5216 (Severe recall 0.508, 뽑기 폭 0.130) / 2대 0.7785 / 4대 0.8474 (폭 0.010) / 8대 0.8785 / 16대 0.9035 / 24대 0.9231. 같은 250창 예산에서 1대 -> 8대 +12.26 pp 인 반면 8대에서 예산 8배는 +20.66 pp 로 양이 더 크다. Severe recall 만 장비 수에 단조. 캠페인 최소 규모 확정 (D-030, N31/N32)"
EXP-20260928-003/seed42,AIHUB-H1,completed,"현장 스키마(5채널) 모델의 데이터 규모 곡선과, 같은 예산을 장비 몇 대에 나눌지. 현장 캠페인 규모 산정 (연구노트",,,,,,,3161c093e29567b493d21904412d4ba2ae795dd8,False,SERVER-TRAINING,keti-Precision-7920-Tower py3.12.13 torch2.6.0+cu124 cuda12.4 Quadro RTX 6000,/home/keti/projects/factory_safety/src/train_data_scaling.py --machines 2 --max-sessions-per-machine 4 --draw 0 --gpu 0,42,True,val_macro_f1,0.690728538071048,val_accuracy=0.7216940363007779; nm_errors=157; best_epoch=27; init_sha256=7c0c68ee808fffc9; started=2026-09-28T06:43:12.840775+00:00; finished=2026-09-28T06:45:05.794868+00:00,32대 전체 학습 0.934282 (EXP-20260928-002 5ch_ct2). 집계 compare_scaling.txt,전 조건 동일 30 epoch·동일 scheduler·결정론,results/data_scaling/n02_s4_draw0_seed42,"AI Hub 의 장비·센서·고장은 현장의 것이 아니다. 곡선의 형태이지 현장 정확도의 예측이 아니다. 평가는 validation 4대이므로 장비 단위 불확실성(N23)이 더해진다. 점당 seed 1개. AI Hub 는 장비당 약 2시간뿐이라 ""한 대를 오래"" 조건은 만들 수 없었다","완료. 장비 1대 0.5216 (Severe recall 0.508, 뽑기 폭 0.130) / 2대 0.7785 / 4대 0.8474 (폭 0.010) / 8대 0.8785 / 16대 0.9035 / 24대 0.9231. 같은 250창 예산에서 1대 -> 8대 +12.26 pp 인 반면 8대에서 예산 8배는 +20.66 pp 로 양이 더 크다. Severe recall 만 장비 수에 단조. 캠페인 최소 규모 확정 (D-030, N31/N32)"
EXP-20260928-003/seed42,AIHUB-H1,completed,"현장 스키마(5채널) 모델의 데이터 규모 곡선과, 같은 예산을 장비 몇 대에 나눌지. 현장 캠페인 규모 산정 (연구노트",,,,,,,3161c093e29567b493d21904412d4ba2ae795dd8,False,SERVER-TRAINING,keti-Precision-7920-Tower py3.12.13 torch2.6.0+cu124 cuda12.4 Quadro RTX 6000,/home/keti/projects/factory_safety/src/train_data_scaling.py --machines 2 --max-sessions-per-machine 4 --draw 1 --gpu 1,42,True,val_macro_f1,0.6228222972124408,val_accuracy=0.6810717372515125; nm_errors=155; best_epoch=14; init_sha256=7c0c68ee808fffc9; started=2026-09-28T06:44:48.123293+00:00; finished=2026-09-28T06:46:39.053659+00:00,32대 전체 학습 0.934282 (EXP-20260928-002 5ch_ct2). 집계 compare_scaling.txt,전 조건 동일 30 epoch·동일 scheduler·결정론,results/data_scaling/n02_s4_draw1_seed42,"AI Hub 의 장비·센서·고장은 현장의 것이 아니다. 곡선의 형태이지 현장 정확도의 예측이 아니다. 평가는 validation 4대이므로 장비 단위 불확실성(N23)이 더해진다. 점당 seed 1개. AI Hub 는 장비당 약 2시간뿐이라 ""한 대를 오래"" 조건은 만들 수 없었다","완료. 장비 1대 0.5216 (Severe recall 0.508, 뽑기 폭 0.130) / 2대 0.7785 / 4대 0.8474 (폭 0.010) / 8대 0.8785 / 16대 0.9035 / 24대 0.9231. 같은 250창 예산에서 1대 -> 8대 +12.26 pp 인 반면 8대에서 예산 8배는 +20.66 pp 로 양이 더 크다. Severe recall 만 장비 수에 단조. 캠페인 최소 규모 확정 (D-030, N31/N32)"
EXP-20260928-003/seed42,AIHUB-H1,completed,"현장 스키마(5채널) 모델의 데이터 규모 곡선과, 같은 예산을 장비 몇 대에 나눌지. 현장 캠페인 규모 산정 (연구노트",,,,,,,3161c093e29567b493d21904412d4ba2ae795dd8,False,SERVER-TRAINING,keti-Precision-7920-Tower py3.12.13 torch2.6.0+cu124 cuda12.4 Quadro RTX 6000,/home/keti/projects/factory_safety/src/train_data_scaling.py --machines 2 --max-sessions-per-machine 4 --draw 2 --gpu 0,42,True,val_macro_f1,0.6266373989880507,val_accuracy=0.6534140017286084; nm_errors=185; best_epoch=4; init_sha256=7c0c68ee808fffc9; started=2026-09-28T06:53:31.867987+00:00; finished=2026-09-28T06:55:25.229720+00:00,32대 전체 학습 0.934282 (EXP-20260928-002 5ch_ct2). 집계 compare_scaling.txt,전 조건 동일 30 epoch·동일 scheduler·결정론,results/data_scaling/n02_s4_draw2_seed42,"AI Hub 의 장비·센서·고장은 현장의 것이 아니다. 곡선의 형태이지 현장 정확도의 예측이 아니다. 평가는 validation 4대이므로 장비 단위 불확실성(N23)이 더해진다. 점당 seed 1개. AI Hub 는 장비당 약 2시간뿐이라 ""한 대를 오래"" 조건은 만들 수 없었다","완료. 장비 1대 0.5216 (Severe recall 0.508, 뽑기 폭 0.130) / 2대 0.7785 / 4대 0.8474 (폭 0.010) / 8대 0.8785 / 16대 0.9035 / 24대 0.9231. 같은 250창 예산에서 1대 -> 8대 +12.26 pp 인 반면 8대에서 예산 8배는 +20.66 pp 로 양이 더 크다. Severe recall 만 장비 수에 단조. 캠페인 최소 규모 확정 (D-030, N31/N32)"
EXP-20260928-003/seed42,AIHUB-H1,completed,"현장 스키마(5채널) 모델의 데이터 규모 곡선과, 같은 예산을 장비 몇 대에 나눌지. 현장 캠페인 규모 산정 (연구노트",,,,,,,3161c093e29567b493d21904412d4ba2ae795dd8,False,SERVER-TRAINING,keti-Precision-7920-Tower py3.12.13 torch2.6.0+cu124 cuda12.4 Quadro RTX 6000,/home/keti/projects/factory_safety/src/train_data_scaling.py --machines 2 --max-sessions-per-machine 4 --draw 3 --gpu 1,42,True,val_macro_f1,0.6509791383678286,val_accuracy=0.6888504753673294; nm_errors=151; best_epoch=4; init_sha256=7c0c68ee808fffc9; started=2026-09-28T06:59:03.426147+00:00; finished=2026-09-28T07:00:51.377610+00:00,32대 전체 학습 0.934282 (EXP-20260928-002 5ch_ct2). 집계 compare_scaling.txt,전 조건 동일 30 epoch·동일 scheduler·결정론,results/data_scaling/n02_s4_draw3_seed42,"AI Hub 의 장비·센서·고장은 현장의 것이 아니다. 곡선의 형태이지 현장 정확도의 예측이 아니다. 평가는 validation 4대이므로 장비 단위 불확실성(N23)이 더해진다. 점당 seed 1개. AI Hub 는 장비당 약 2시간뿐이라 ""한 대를 오래"" 조건은 만들 수 없었다","완료. 장비 1대 0.5216 (Severe recall 0.508, 뽑기 폭 0.130) / 2대 0.7785 / 4대 0.8474 (폭 0.010) / 8대 0.8785 / 16대 0.9035 / 24대 0.9231. 같은 250창 예산에서 1대 -> 8대 +12.26 pp 인 반면 8대에서 예산 8배는 +20.66 pp 로 양이 더 크다. Severe recall 만 장비 수에 단조. 캠페인 최소 규모 확정 (D-030, N31/N32)"
EXP-20260928-003/seed42,AIHUB-H1,completed,"현장 스키마(5채널) 모델의 데이터 규모 곡선과, 같은 예산을 장비 몇 대에 나눌지. 현장 캠페인 규모 산정 (연구노트",,,,,,,b43c413e64dd8683ed14c30988355aed079ead90,False,SERVER-TRAINING,keti-Precision-7920-Tower py3.12.13 torch2.6.0+cu124 cuda12.4 Quadro RTX 6000,/home/keti/projects/factory_safety/src/train_data_scaling.py --machines 4 --draw 0 --gpu 0,42,True,val_macro_f1,0.8522827267935668,val_accuracy=0.8444252376836646; nm_errors=114; best_epoch=29; init_sha256=7c0c68ee808fffc9; started=2026-09-28T06:10:25.785973+00:00; finished=2026-09-28T06:14:29.473902+00:00,32대 전체 학습 0.934282 (EXP-20260928-002 5ch_ct2). 집계 compare_scaling.txt,전 조건 동일 30 epoch·동일 scheduler·결정론,results/data_scaling/n04_draw0_seed42,"AI Hub 의 장비·센서·고장은 현장의 것이 아니다. 곡선의 형태이지 현장 정확도의 예측이 아니다. 평가는 validation 4대이므로 장비 단위 불확실성(N23)이 더해진다. 점당 seed 1개. AI Hub 는 장비당 약 2시간뿐이라 ""한 대를 오래"" 조건은 만들 수 없었다","완료. 장비 1대 0.5216 (Severe recall 0.508, 뽑기 폭 0.130) / 2대 0.7785 / 4대 0.8474 (폭 0.010) / 8대 0.8785 / 16대 0.9035 / 24대 0.9231. 같은 250창 예산에서 1대 -> 8대 +12.26 pp 인 반면 8대에서 예산 8배는 +20.66 pp 로 양이 더 크다. Severe recall 만 장비 수에 단조. 캠페인 최소 규모 확정 (D-030, N31/N32)"
EXP-20260928-003/seed42,AIHUB-H1,completed,"현장 스키마(5채널) 모델의 데이터 규모 곡선과, 같은 예산을 장비 몇 대에 나눌지. 현장 캠페인 규모 산정 (연구노트",,,,,,,b43c413e64dd8683ed14c30988355aed079ead90,False,SERVER-TRAINING,keti-Precision-7920-Tower py3.12.13 torch2.6.0+cu124 cuda12.4 Quadro RTX 6000,/home/keti/projects/factory_safety/src/train_data_scaling.py --machines 4 --draw 1 --gpu 1,42,True,val_macro_f1,0.8425999357365621,val_accuracy=0.8305963699222126; nm_errors=115; best_epoch=21; init_sha256=7c0c68ee808fffc9; started=2026-09-28T06:12:00.705728+00:00; finished=2026-09-28T06:15:51.630076+00:00,32대 전체 학습 0.934282 (EXP-20260928-002 5ch_ct2). 집계 compare_scaling.txt,전 조건 동일 30 epoch·동일 scheduler·결정론,results/data_scaling/n04_draw1_seed42,"AI Hub 의 장비·센서·고장은 현장의 것이 아니다. 곡선의 형태이지 현장 정확도의 예측이 아니다. 평가는 validation 4대이므로 장비 단위 불확실성(N23)이 더해진다. 점당 seed 1개. AI Hub 는 장비당 약 2시간뿐이라 ""한 대를 오래"" 조건은 만들 수 없었다","완료. 장비 1대 0.5216 (Severe recall 0.508, 뽑기 폭 0.130) / 2대 0.7785 / 4대 0.8474 (폭 0.010) / 8대 0.8785 / 16대 0.9035 / 24대 0.9231. 같은 250창 예산에서 1대 -> 8대 +12.26 pp 인 반면 8대에서 예산 8배는 +20.66 pp 로 양이 더 크다. Severe recall 만 장비 수에 단조. 캠페인 최소 규모 확정 (D-030, N31/N32)"
EXP-20260928-003/seed42,AIHUB-H1,completed,"현장 스키마(5채널) 모델의 데이터 규모 곡선과, 같은 예산을 장비 몇 대에 나눌지. 현장 캠페인 규모 산정 (연구노트",,,,,,,3161c093e29567b493d21904412d4ba2ae795dd8,False,SERVER-TRAINING,keti-Precision-7920-Tower py3.12.13 torch2.6.0+cu124 cuda12.4 Quadro RTX 6000,/home/keti/projects/factory_safety/src/train_data_scaling.py --machines 4 --max-sessions-per-machine 2 --draw 0 --gpu 0,42,True,val_macro_f1,0.7456409652021985,val_accuracy=0.7545375972342264; nm_errors=159; best_epoch=22; init_sha256=7c0c68ee808fffc9; started=2026-09-28T06:45:13.361919+00:00; finished=2026-09-28T06:47:09.744248+00:00,32대 전체 학습 0.934282 (EXP-20260928-002 5ch_ct2). 집계 compare_scaling.txt,전 조건 동일 30 epoch·동일 scheduler·결정론,results/data_scaling/n04_s2_draw0_seed42,"AI Hub 의 장비·센서·고장은 현장의 것이 아니다. 곡선의 형태이지 현장 정확도의 예측이 아니다. 평가는 validation 4대이므로 장비 단위 불확실성(N23)이 더해진다. 점당 seed 1개. AI Hub 는 장비당 약 2시간뿐이라 ""한 대를 오래"" 조건은 만들 수 없었다","완료. 장비 1대 0.5216 (Severe recall 0.508, 뽑기 폭 0.130) / 2대 0.7785 / 4대 0.8474 (폭 0.010) / 8대 0.8785 / 16대 0.9035 / 24대 0.9231. 같은 250창 예산에서 1대 -> 8대 +12.26 pp 인 반면 8대에서 예산 8배는 +20.66 pp 로 양이 더 크다. Severe recall 만 장비 수에 단조. 캠페인 최소 규모 확정 (D-030, N31/N32)"
EXP-20260928-003/seed42,AIHUB-H1,completed,"현장 스키마(5채널) 모델의 데이터 규모 곡선과, 같은 예산을 장비 몇 대에 나눌지. 현장 캠페인 규모 산정 (연구노트",,,,,,,3161c093e29567b493d21904412d4ba2ae795dd8,False,SERVER-TRAINING,keti-Precision-7920-Tower py3.12.13 torch2.6.0+cu124 cuda12.4 Quadro RTX 6000,/home/keti/projects/factory_safety/src/train_data_scaling.py --machines 4 --max-sessions-per-machine 2 --draw 1 --gpu 1,42,True,val_macro_f1,0.5041704346641729,val_accuracy=0.4995678478824546; nm_errors=275; best_epoch=15; init_sha256=7c0c68ee808fffc9; started=2026-09-28T06:46:46.469391+00:00; finished=2026-09-28T06:48:42.192486+00:00,32대 전체 학습 0.934282 (EXP-20260928-002 5ch_ct2). 집계 compare_scaling.txt,전 조건 동일 30 epoch·동일 scheduler·결정론,results/data_scaling/n04_s2_draw1_seed42,"AI Hub 의 장비·센서·고장은 현장의 것이 아니다. 곡선의 형태이지 현장 정확도의 예측이 아니다. 평가는 validation 4대이므로 장비 단위 불확실성(N23)이 더해진다. 점당 seed 1개. AI Hub 는 장비당 약 2시간뿐이라 ""한 대를 오래"" 조건은 만들 수 없었다","완료. 장비 1대 0.5216 (Severe recall 0.508, 뽑기 폭 0.130) / 2대 0.7785 / 4대 0.8474 (폭 0.010) / 8대 0.8785 / 16대 0.9035 / 24대 0.9231. 같은 250창 예산에서 1대 -> 8대 +12.26 pp 인 반면 8대에서 예산 8배는 +20.66 pp 로 양이 더 크다. Severe recall 만 장비 수에 단조. 캠페인 최소 규모 확정 (D-030, N31/N32)"
EXP-20260928-003/seed42,AIHUB-H1,completed,"현장 스키마(5채널) 모델의 데이터 규모 곡선과, 같은 예산을 장비 몇 대에 나눌지. 현장 캠페인 규모 산정 (연구노트",,,,,,,3161c093e29567b493d21904412d4ba2ae795dd8,False,SERVER-TRAINING,keti-Precision-7920-Tower py3.12.13 torch2.6.0+cu124 cuda12.4 Quadro RTX 6000,/home/keti/projects/factory_safety/src/train_data_scaling.py --machines 4 --max-sessions-per-machine 2 --draw 2 --gpu 0,42,True,val_macro_f1,0.7538532695690401,val_accuracy=0.7510803802938635; nm_errors=130; best_epoch=12; init_sha256=7c0c68ee808fffc9; started=2026-09-28T06:55:31.448705+00:00; finished=2026-09-28T06:57:20.683898+00:00,32대 전체 학습 0.934282 (EXP-20260928-002 5ch_ct2). 집계 compare_scaling.txt,전 조건 동일 30 epoch·동일 scheduler·결정론,results/data_scaling/n04_s2_draw2_seed42,"AI Hub 의 장비·센서·고장은 현장의 것이 아니다. 곡선의 형태이지 현장 정확도의 예측이 아니다. 평가는 validation 4대이므로 장비 단위 불확실성(N23)이 더해진다. 점당 seed 1개. AI Hub 는 장비당 약 2시간뿐이라 ""한 대를 오래"" 조건은 만들 수 없었다","완료. 장비 1대 0.5216 (Severe recall 0.508, 뽑기 폭 0.130) / 2대 0.7785 / 4대 0.8474 (폭 0.010) / 8대 0.8785 / 16대 0.9035 / 24대 0.9231. 같은 250창 예산에서 1대 -> 8대 +12.26 pp 인 반면 8대에서 예산 8배는 +20.66 pp 로 양이 더 크다. Severe recall 만 장비 수에 단조. 캠페인 최소 규모 확정 (D-030, N31/N32)"
EXP-20260928-003/seed42,AIHUB-H1,completed,"현장 스키마(5채널) 모델의 데이터 규모 곡선과, 같은 예산을 장비 몇 대에 나눌지. 현장 캠페인 규모 산정 (연구노트",,,,,,,3161c093e29567b493d21904412d4ba2ae795dd8,False,SERVER-TRAINING,keti-Precision-7920-Tower py3.12.13 torch2.6.0+cu124 cuda12.4 Quadro RTX 6000,/home/keti/projects/factory_safety/src/train_data_scaling.py --machines 4 --max-sessions-per-machine 2 --draw 3 --gpu 1,42,True,val_macro_f1,0.7793417546013803,val_accuracy=0.7554019014693172; nm_errors=196; best_epoch=29; init_sha256=7c0c68ee808fffc9; started=2026-09-28T07:00:57.749056+00:00; finished=2026-09-28T07:02:45.368890+00:00,32대 전체 학습 0.934282 (EXP-20260928-002 5ch_ct2). 집계 compare_scaling.txt,전 조건 동일 30 epoch·동일 scheduler·결정론,results/data_scaling/n04_s2_draw3_seed42,"AI Hub 의 장비·센서·고장은 현장의 것이 아니다. 곡선의 형태이지 현장 정확도의 예측이 아니다. 평가는 validation 4대이므로 장비 단위 불확실성(N23)이 더해진다. 점당 seed 1개. AI Hub 는 장비당 약 2시간뿐이라 ""한 대를 오래"" 조건은 만들 수 없었다","완료. 장비 1대 0.5216 (Severe recall 0.508, 뽑기 폭 0.130) / 2대 0.7785 / 4대 0.8474 (폭 0.010) / 8대 0.8785 / 16대 0.9035 / 24대 0.9231. 같은 250창 예산에서 1대 -> 8대 +12.26 pp 인 반면 8대에서 예산 8배는 +20.66 pp 로 양이 더 크다. Severe recall 만 장비 수에 단조. 캠페인 최소 규모 확정 (D-030, N31/N32)"
EXP-20260928-003/seed42,AIHUB-H1,completed,"현장 스키마(5채널) 모델의 데이터 규모 곡선과, 같은 예산을 장비 몇 대에 나눌지. 현장 캠페인 규모 산정 (연구노트",,,,,,,b43c413e64dd8683ed14c30988355aed079ead90,False,SERVER-TRAINING,keti-Precision-7920-Tower py3.12.13 torch2.6.0+cu124 cuda12.4 Quadro RTX 6000,/home/keti/projects/factory_safety/src/train_data_scaling.py --machines 8 --draw 0 --gpu 0,42,True,val_macro_f1,0.8785229459916837,val_accuracy=0.8694900605012964; nm_errors=104; best_epoch=28; init_sha256=7c0c68ee808fffc9; started=2026-09-28T06:14:36.760839+00:00; finished=2026-09-28T06:21:23.091446+00:00,32대 전체 학습 0.934282 (EXP-20260928-002 5ch_ct2). 집계 compare_scaling.txt,전 조건 동일 30 epoch·동일 scheduler·결정론,results/data_scaling/n08_draw0_seed42,"AI Hub 의 장비·센서·고장은 현장의 것이 아니다. 곡선의 형태이지 현장 정확도의 예측이 아니다. 평가는 validation 4대이므로 장비 단위 불확실성(N23)이 더해진다. 점당 seed 1개. AI Hub 는 장비당 약 2시간뿐이라 ""한 대를 오래"" 조건은 만들 수 없었다","완료. 장비 1대 0.5216 (Severe recall 0.508, 뽑기 폭 0.130) / 2대 0.7785 / 4대 0.8474 (폭 0.010) / 8대 0.8785 / 16대 0.9035 / 24대 0.9231. 같은 250창 예산에서 1대 -> 8대 +12.26 pp 인 반면 8대에서 예산 8배는 +20.66 pp 로 양이 더 크다. Severe recall 만 장비 수에 단조. 캠페인 최소 규모 확정 (D-030, N31/N32)"
EXP-20260928-003/seed42,AIHUB-H1,completed,"현장 스키마(5채널) 모델의 데이터 규모 곡선과, 같은 예산을 장비 몇 대에 나눌지. 현장 캠페인 규모 산정 (연구노트",,,,,,,3161c093e29567b493d21904412d4ba2ae795dd8,False,SERVER-TRAINING,keti-Precision-7920-Tower py3.12.13 torch2.6.0+cu124 cuda12.4 Quadro RTX 6000,/home/keti/projects/factory_safety/src/train_data_scaling.py --machines 8 --max-sessions-per-machine 1 --draw 0 --gpu 0,42,True,val_macro_f1,0.7809401267852945,val_accuracy=0.797752808988764; nm_errors=112; best_epoch=26; init_sha256=7c0c68ee808fffc9; started=2026-09-28T06:47:17.070387+00:00; finished=2026-09-28T06:49:13.226805+00:00,32대 전체 학습 0.934282 (EXP-20260928-002 5ch_ct2). 집계 compare_scaling.txt,전 조건 동일 30 epoch·동일 scheduler·결정론,results/data_scaling/n08_s1_draw0_seed42,"AI Hub 의 장비·센서·고장은 현장의 것이 아니다. 곡선의 형태이지 현장 정확도의 예측이 아니다. 평가는 validation 4대이므로 장비 단위 불확실성(N23)이 더해진다. 점당 seed 1개. AI Hub 는 장비당 약 2시간뿐이라 ""한 대를 오래"" 조건은 만들 수 없었다","완료. 장비 1대 0.5216 (Severe recall 0.508, 뽑기 폭 0.130) / 2대 0.7785 / 4대 0.8474 (폭 0.010) / 8대 0.8785 / 16대 0.9035 / 24대 0.9231. 같은 250창 예산에서 1대 -> 8대 +12.26 pp 인 반면 8대에서 예산 8배는 +20.66 pp 로 양이 더 크다. Severe recall 만 장비 수에 단조. 캠페인 최소 규모 확정 (D-030, N31/N32)"
EXP-20260928-003/seed42,AIHUB-H1,completed,"현장 스키마(5채널) 모델의 데이터 규모 곡선과, 같은 예산을 장비 몇 대에 나눌지. 현장 캠페인 규모 산정 (연구노트",,,,,,,3161c093e29567b493d21904412d4ba2ae795dd8,False,SERVER-TRAINING,keti-Precision-7920-Tower py3.12.13 torch2.6.0+cu124 cuda12.4 Quadro RTX 6000,/home/keti/projects/factory_safety/src/train_data_scaling.py --machines 8 --max-sessions-per-machine 1 --draw 1 --gpu 1,42,True,val_macro_f1,0.6604594061852126,val_accuracy=0.6974935177182369; nm_errors=168; best_epoch=10; init_sha256=7c0c68ee808fffc9; started=2026-09-28T06:48:49.752500+00:00; finished=2026-09-28T06:50:36.244602+00:00,32대 전체 학습 0.934282 (EXP-20260928-002 5ch_ct2). 집계 compare_scaling.txt,전 조건 동일 30 epoch·동일 scheduler·결정론,results/data_scaling/n08_s1_draw1_seed42,"AI Hub 의 장비·센서·고장은 현장의 것이 아니다. 곡선의 형태이지 현장 정확도의 예측이 아니다. 평가는 validation 4대이므로 장비 단위 불확실성(N23)이 더해진다. 점당 seed 1개. AI Hub 는 장비당 약 2시간뿐이라 ""한 대를 오래"" 조건은 만들 수 없었다","완료. 장비 1대 0.5216 (Severe recall 0.508, 뽑기 폭 0.130) / 2대 0.7785 / 4대 0.8474 (폭 0.010) / 8대 0.8785 / 16대 0.9035 / 24대 0.9231. 같은 250창 예산에서 1대 -> 8대 +12.26 pp 인 반면 8대에서 예산 8배는 +20.66 pp 로 양이 더 크다. Severe recall 만 장비 수에 단조. 캠페인 최소 규모 확정 (D-030, N31/N32)"
EXP-20260928-003/seed42,AIHUB-H1,completed,"현장 스키마(5채널) 모델의 데이터 규모 곡선과, 같은 예산을 장비 몇 대에 나눌지. 현장 캠페인 규모 산정 (연구노트",,,,,,,3161c093e29567b493d21904412d4ba2ae795dd8,False,SERVER-TRAINING,keti-Precision-7920-Tower py3.12.13 torch2.6.0+cu124 cuda12.4 Quadro RTX 6000,/home/keti/projects/factory_safety/src/train_data_scaling.py --machines 8 --max-sessions-per-machine 1 --draw 2 --gpu 0,42,True,val_macro_f1,0.7070728229942502,val_accuracy=0.7389801210025929; nm_errors=149; best_epoch=13; init_sha256=7c0c68ee808fffc9; started=2026-09-28T06:57:27.859509+00:00; finished=2026-09-28T06:59:21.472175+00:00,32대 전체 학습 0.934282 (EXP-20260928-002 5ch_ct2). 집계 compare_scaling.txt,전 조건 동일 30 epoch·동일 scheduler·결정론,results/data_scaling/n08_s1_draw2_seed42,"AI Hub 의 장비·센서·고장은 현장의 것이 아니다. 곡선의 형태이지 현장 정확도의 예측이 아니다. 평가는 validation 4대이므로 장비 단위 불확실성(N23)이 더해진다. 점당 seed 1개. AI Hub 는 장비당 약 2시간뿐이라 ""한 대를 오래"" 조건은 만들 수 없었다","완료. 장비 1대 0.5216 (Severe recall 0.508, 뽑기 폭 0.130) / 2대 0.7785 / 4대 0.8474 (폭 0.010) / 8대 0.8785 / 16대 0.9035 / 24대 0.9231. 같은 250창 예산에서 1대 -> 8대 +12.26 pp 인 반면 8대에서 예산 8배는 +20.66 pp 로 양이 더 크다. Severe recall 만 장비 수에 단조. 캠페인 최소 규모 확정 (D-030, N31/N32)"
EXP-20260928-003/seed42,AIHUB-H1,completed,"현장 스키마(5채널) 모델의 데이터 규모 곡선과, 같은 예산을 장비 몇 대에 나눌지. 현장 캠페인 규모 산정 (연구노트",,,,,,,3161c093e29567b493d21904412d4ba2ae795dd8,False,SERVER-TRAINING,keti-Precision-7920-Tower py3.12.13 torch2.6.0+cu124 cuda12.4 Quadro RTX 6000,/home/keti/projects/factory_safety/src/train_data_scaling.py --machines 8 --max-sessions-per-machine 1 --draw 3 --gpu 1,42,True,val_macro_f1,0.5394035540601221,val_accuracy=0.6361279170267934; nm_errors=159; best_epoch=20; init_sha256=7c0c68ee808fffc9; started=2026-09-28T07:02:51.742208+00:00; finished=2026-09-28T07:04:36.393602+00:00,32대 전체 학습 0.934282 (EXP-20260928-002 5ch_ct2). 집계 compare_scaling.txt,전 조건 동일 30 epoch·동일 scheduler·결정론,results/data_scaling/n08_s1_draw3_seed42,"AI Hub 의 장비·센서·고장은 현장의 것이 아니다. 곡선의 형태이지 현장 정확도의 예측이 아니다. 평가는 validation 4대이므로 장비 단위 불확실성(N23)이 더해진다. 점당 seed 1개. AI Hub 는 장비당 약 2시간뿐이라 ""한 대를 오래"" 조건은 만들 수 없었다","완료. 장비 1대 0.5216 (Severe recall 0.508, 뽑기 폭 0.130) / 2대 0.7785 / 4대 0.8474 (폭 0.010) / 8대 0.8785 / 16대 0.9035 / 24대 0.9231. 같은 250창 예산에서 1대 -> 8대 +12.26 pp 인 반면 8대에서 예산 8배는 +20.66 pp 로 양이 더 크다. Severe recall 만 장비 수에 단조. 캠페인 최소 규모 확정 (D-030, N31/N32)"
EXP-20260928-003/seed42,AIHUB-H1,completed,"현장 스키마(5채널) 모델의 데이터 규모 곡선과, 같은 예산을 장비 몇 대에 나눌지. 현장 캠페인 규모 산정 (연구노트",,,,,,,b43c413e64dd8683ed14c30988355aed079ead90,False,SERVER-TRAINING,keti-Precision-7920-Tower py3.12.13 torch2.6.0+cu124 cuda12.4 Quadro RTX 6000,/home/keti/projects/factory_safety/src/train_data_scaling.py --machines 16 --draw 0 --gpu 1,42,True,val_macro_f1,0.9034859208463584,val_accuracy=0.8962834917891098; nm_errors=82; best_epoch=28; init_sha256=7c0c68ee808fffc9; started=2026-09-28T06:15:59.140472+00:00; finished=2026-09-28T06:27:28.214007+00:00,32대 전체 학습 0.934282 (EXP-20260928-002 5ch_ct2). 집계 compare_scaling.txt,전 조건 동일 30 epoch·동일 scheduler·결정론,results/data_scaling/n16_draw0_seed42,"AI Hub 의 장비·센서·고장은 현장의 것이 아니다. 곡선의 형태이지 현장 정확도의 예측이 아니다. 평가는 validation 4대이므로 장비 단위 불확실성(N23)이 더해진다. 점당 seed 1개. AI Hub 는 장비당 약 2시간뿐이라 ""한 대를 오래"" 조건은 만들 수 없었다","완료. 장비 1대 0.5216 (Severe recall 0.508, 뽑기 폭 0.130) / 2대 0.7785 / 4대 0.8474 (폭 0.010) / 8대 0.8785 / 16대 0.9035 / 24대 0.9231. 같은 250창 예산에서 1대 -> 8대 +12.26 pp 인 반면 8대에서 예산 8배는 +20.66 pp 로 양이 더 크다. Severe recall 만 장비 수에 단조. 캠페인 최소 규모 확정 (D-030, N31/N32)"
EXP-20260928-003/seed42,AIHUB-H1,completed,"현장 스키마(5채널) 모델의 데이터 규모 곡선과, 같은 예산을 장비 몇 대에 나눌지. 현장 캠페인 규모 산정 (연구노트",,,,,,,b43c413e64dd8683ed14c30988355aed079ead90,False,SERVER-TRAINING,keti-Precision-7920-Tower py3.12.13 torch2.6.0+cu124 cuda12.4 Quadro RTX 6000,/home/keti/projects/factory_safety/src/train_data_scaling.py --machines 24 --draw 0 --gpu 0,42,True,val_macro_f1,0.9230935787498322,val_accuracy=0.9239412273120138; nm_errors=49; best_epoch=29; init_sha256=7c0c68ee808fffc9; started=2026-09-28T06:21:30.753233+00:00; finished=2026-09-28T06:39:07.024047+00:00,32대 전체 학습 0.934282 (EXP-20260928-002 5ch_ct2). 집계 compare_scaling.txt,전 조건 동일 30 epoch·동일 scheduler·결정론,results/data_scaling/n24_draw0_seed42,"AI Hub 의 장비·센서·고장은 현장의 것이 아니다. 곡선의 형태이지 현장 정확도의 예측이 아니다. 평가는 validation 4대이므로 장비 단위 불확실성(N23)이 더해진다. 점당 seed 1개. AI Hub 는 장비당 약 2시간뿐이라 ""한 대를 오래"" 조건은 만들 수 없었다","완료. 장비 1대 0.5216 (Severe recall 0.508, 뽑기 폭 0.130) / 2대 0.7785 / 4대 0.8474 (폭 0.010) / 8대 0.8785 / 16대 0.9035 / 24대 0.9231. 같은 250창 예산에서 1대 -> 8대 +12.26 pp 인 반면 8대에서 예산 8배는 +20.66 pp 로 양이 더 크다. Severe recall 만 장비 수에 단조. 캠페인 최소 규모 확정 (D-030, N31/N32)"
EXP-20260907-004,AIHUB-H3,blocked,공식 TimesNet 구현(thuml/Time-Series-Library)으로 동일 데이터·동일 예산 재평가,,,,,,,,,,,,42,true (수정안 적용 후),val_macro_f1,,,우리 축약 구현 0.9189,동일 epoch·동일 튜닝 예산,,"외부 의존성 추가가 필요하므로 서버 audit 후 호환성 확인 선행; blocked_by=B-1,B-3",
EXP-20260907-005,FIELD-HA,blocked,"thermal 최소 인코더 비교. fc_thermal 2,457,728 파라미터의 필요성 판정",,,,,,,,,,,,"42, 123, 456",true (수정안 적용 후),val_macro_f1,,,sensor-only 0.9513425 / full 0.955 대비. 마지막 프레임·ROI 온도·핫스폿 면적 순,동일 예산,,"legacy 데이터 기준 판정이며 현장 데이터 판정이 아니다; blocked_by=B-1,B-3",
EXP-20260907-006/seed42,AIHUB-H1,completed,"장비 분리 4-fold (Training 32대, agv/oht 균형) 로 처음 보는 장비에서의 F1 과 장비 단위 불확실성 측정. Validation 4대는 frozen(선택 불참, 보고만). 2026-09-21 18:32~19:14 KST (연구노트",,,,,,,248a1a90159a744ecb3c6c1d0c61d29e57172ebb,False,SERVER-TRAINING,keti-Precision-7920-Tower py3.12.13 torch2.6.0+cu124 cuda12.4 Quadro RTX 6000,/home/keti/projects/factory_safety/src/train_kfold.py --fold 0 --gpu 0,42,True,val_macro_f1,no_record,nm_errors=no_record; best_epoch=22; init_sha256=58f43109f4e5bc92; started=2026-09-21T09:32:34.617982+00:00; finished=2026-09-21T10:11:12.498632+00:00,단일 split V2+ (G2e 0.954825 / 결정론 0.954888 / 논문 0.9557 ± 0.0006). 장비 단위 bootstrap CI. 집계 aggregate_kfold.py,"fold 별 동일 30 epoch, best held-out macro-F1 checkpoint",results/kfold_devices/fold0_of4_seed42,seed 1개. 정규화 상수는 고정 학습셋 상수(fold 간 공유). fold 학습 장비 24대이므로 32대 모델의 직접 측정이 아니다,"완료. fold held-out F1 0.947488/0.948953/0.956120/0.961247 (mean 0.953452 std 0.006421). 장비 32대 mean 0.954642 std 0.014529 95 % CI [0.949686, 0.959547]. Severe 506/511 (99.0 %). frozen val 0.946107 ± 0.003182. 장비 단위 불확실성 병기 (D-025), 논문 적용은 O-113"
EXP-20260907-006/seed42,AIHUB-H1,completed,"장비 분리 4-fold (Training 32대, agv/oht 균형) 로 처음 보는 장비에서의 F1 과 장비 단위 불확실성 측정. Validation 4대는 frozen(선택 불참, 보고만). 2026-09-21 18:32~19:14 KST (연구노트",,,,,,,248a1a90159a744ecb3c6c1d0c61d29e57172ebb,False,SERVER-TRAINING,keti-Precision-7920-Tower py3.12.13 torch2.6.0+cu124 cuda12.4 Quadro RTX 6000,/home/keti/projects/factory_safety/src/train_kfold.py --fold 1 --gpu 0,42,True,val_macro_f1,no_record,nm_errors=no_record; best_epoch=30; init_sha256=58f43109f4e5bc92; started=2026-09-21T09:33:38.514881+00:00; finished=2026-09-21T10:12:13.847144+00:00,단일 split V2+ (G2e 0.954825 / 결정론 0.954888 / 논문 0.9557 ± 0.0006). 장비 단위 bootstrap CI. 집계 aggregate_kfold.py,"fold 별 동일 30 epoch, best held-out macro-F1 checkpoint",results/kfold_devices/fold1_of4_seed42,seed 1개. 정규화 상수는 고정 학습셋 상수(fold 간 공유). fold 학습 장비 24대이므로 32대 모델의 직접 측정이 아니다,"완료. fold held-out F1 0.947488/0.948953/0.956120/0.961247 (mean 0.953452 std 0.006421). 장비 32대 mean 0.954642 std 0.014529 95 % CI [0.949686, 0.959547]. Severe 506/511 (99.0 %). frozen val 0.946107 ± 0.003182. 장비 단위 불확실성 병기 (D-025), 논문 적용은 O-113"
EXP-20260907-006/seed42,AIHUB-H1,completed,"장비 분리 4-fold (Training 32대, agv/oht 균형) 로 처음 보는 장비에서의 F1 과 장비 단위 불확실성 측정. Validation 4대는 frozen(선택 불참, 보고만). 2026-09-21 18:32~19:14 KST (연구노트",,,,,,,248a1a90159a744ecb3c6c1d0c61d29e57172ebb,False,SERVER-TRAINING,keti-Precision-7920-Tower py3.12.13 torch2.6.0+cu124 cuda12.4 Quadro RTX 6000,/home/keti/projects/factory_safety/src/train_kfold.py --fold 2 --gpu 1,42,True,val_macro_f1,no_record,nm_errors=no_record; best_epoch=27; init_sha256=58f43109f4e5bc92; started=2026-09-21T09:34:40.960473+00:00; finished=2026-09-21T10:10:27.806998+00:00,단일 split V2+ (G2e 0.954825 / 결정론 0.954888 / 논문 0.9557 ± 0.0006). 장비 단위 bootstrap CI. 집계 aggregate_kfold.py,"fold 별 동일 30 epoch, best held-out macro-F1 checkpoint",results/kfold_devices/fold2_of4_seed42,seed 1개. 정규화 상수는 고정 학습셋 상수(fold 간 공유). fold 학습 장비 24대이므로 32대 모델의 직접 측정이 아니다,"완료. fold held-out F1 0.947488/0.948953/0.956120/0.961247 (mean 0.953452 std 0.006421). 장비 32대 mean 0.954642 std 0.014529 95 % CI [0.949686, 0.959547]. Severe 506/511 (99.0 %). frozen val 0.946107 ± 0.003182. 장비 단위 불확실성 병기 (D-025), 논문 적용은 O-113"
EXP-20260907-006/seed42,AIHUB-H1,completed,"장비 분리 4-fold (Training 32대, agv/oht 균형) 로 처음 보는 장비에서의 F1 과 장비 단위 불확실성 측정. Validation 4대는 frozen(선택 불참, 보고만). 2026-09-21 18:32~19:14 KST (연구노트",,,,,,,248a1a90159a744ecb3c6c1d0c61d29e57172ebb,False,SERVER-TRAINING,keti-Precision-7920-Tower py3.12.13 torch2.6.0+cu124 cuda12.4 Quadro RTX 6000,/home/keti/projects/factory_safety/src/train_kfold.py --fold 3 --gpu 1,42,True,val_macro_f1,no_record,nm_errors=no_record; best_epoch=28; init_sha256=58f43109f4e5bc92; started=2026-09-21T09:35:43.770893+00:00; finished=2026-09-21T10:11:36.207473+00:00,단일 split V2+ (G2e 0.954825 / 결정론 0.954888 / 논문 0.9557 ± 0.0006). 장비 단위 bootstrap CI. 집계 aggregate_kfold.py,"fold 별 동일 30 epoch, best held-out macro-F1 checkpoint",results/kfold_devices/fold3_of4_seed42,seed 1개. 정규화 상수는 고정 학습셋 상수(fold 간 공유). fold 학습 장비 24대이므로 32대 모델의 직접 측정이 아니다,"완료. fold held-out F1 0.947488/0.948953/0.956120/0.961247 (mean 0.953452 std 0.006421). 장비 32대 mean 0.954642 std 0.014529 95 % CI [0.949686, 0.959547]. Severe 506/511 (99.0 %). frozen val 0.946107 ± 0.003182. 장비 단위 불확실성 병기 (D-025), 논문 적용은 O-113"
EXP-20260907-007,AIHUB-H2,blocked,F14b 이중 보정(sampler 1/n + weighted CE 1/n) 제거 영향 측정,,,,,,,,,,,,"42, 123, 456",true (수정안 적용 후),val_macro_f1,,,sampler만 / CE weight만 / 둘 다(현행) 3조건,동일 예산,,"Severe recall 과 NM 오류가 동시에 움직이므로 단일 지표로 판정하지 않는다; blocked_by=B-1,B-3",
EXP-20260907-008,not_applicable,completed,G1-S 서버 원시 재현. 학습 실행이 아니며 전처리 재현 검증. 2026-09-18 PASS (연구노트,,,,,,,572cff8,,,,,not_applicable,true (수정안 적용 후),window_accounting,,,"Jetson G1-J 결과 60/49/11, 구조오류 0",회계 불일치 시 즉시 중단(build_windows.py exit 3),server:/home/keti/projects/factory_safety/processed/development_baseline_v1,서버 환경 audit 및 raw 전송 선행,
EXP-20260918-001,not_applicable,completed,G2d AI Hub SSD 작업 사본 L2~L4 계층 검증. 학습 아님. 2026-09-18 PASS (연구노트,"aihub_71802_released_subset (SSD working copy, 459,873 files, 17,795,317,991 B)",,,,,,ee4136f,,SERVER-TRAINING (factory_training venv),,,not_applicable,true (수정안 적용 후),layered_verification,,,"L4 기대값 303/39 session, 9313/1157 window, 장비 32/4",어느 층이든 실패 시 FAIL,server:/home/keti/review_runs/20260918_g2d/result.json,값 범위 검사는 통계만 수집 (N15). 원본 공급자 체크섬과의 대조는 아님,PASS
